ID,run_accession
SAMN02356583,SRR1010950
SAMN02356583,SRR1010951
SAMN02356583,SRR999549
SAMN02356583,SRR999550
SAMN02356590,SRR1010952
SAMN02356590,SRR1010953
SAMN02356590,SRR999551
SAMN02356590,SRR999552
SAMN02581399,SRR1172925
SAMN02581399,SRR1172936
SAMN02581400,SRR1172725
SAMN02581400,SRR1173017
SAMN04014868,SRR3112277
SAMN04014868,SRR6703111
SAMN04014932,SRR3242023
SAMN04014932,SRR6818689
SAMN04014940,SRR3290654
SAMN04014940,SRR6818717
SAMN04014940,SRR6818718
SAMN04014963,SRR3112284
SAMN04014963,SRR7252692
SAMN04014964,SRR3112285
SAMN04014964,SRR7012901
SAMN04014965,SRR3112286
SAMN04014965,SRR7012980
SAMN04014971,SRR3112288
SAMN04014971,SRR7012982
SAMN04014971,SRR7012983
SAMN04014972,SRR3112289
SAMN04014972,SRR7253212
SAMN04014972,SRR7253213
SAMN06311524,SRR5237395
SAMEA2273887,ERR486520
SAMEA2273888,ERR486521
SAMEA2273889,ERR486522
SAMEA2273891,ERR486524
SAMEA2273892,ERR486525
SAMEA2273893,ERR486526
SAMEA2273895,ERR486527
SAMEA2273896,ERR486528
SAMEA2273897,ERR486529
SAMEA2273898,ERR486530
SAMEA2273899,ERR486531
SAMEA2273900,ERR486532
SAMEA2273901,ERR486533
SAMEA2273902,ERR486534
SAMEA2273903,ERR486535
SAMEA2273904,ERR486536
SAMEA2273905,ERR486537
SAMEA2273907,ERR486538
SAMEA2273908,ERR486806
SAMEA2273909,ERR486539
SAMEA2273910,ERR486540
SAMEA2273912,ERR486542
SAMEA2273913,ERR486543
SAMEA2273915,ERR486545
SAMEA2273916,ERR486546
SAMEA2273917,ERR486547
SAMEA2273919,ERR486549
SAMEA2273920,ERR486550
SAMEA2273922,ERR486552
SAMEA2273923,ERR486553
SAMEA2273924,ERR486554
SAMEA2273925,ERR486555
SAMEA2273926,ERR486807
SAMEA2273928,ERR486557
SAMEA2273929,ERR486558
SAMEA2273930,ERR486559
SAMEA2273931,ERR486560
SAMEA2273932,ERR486561
SAMEA2273934,ERR486562
SAMEA2273935,ERR486563
SAMEA2273936,ERR486564
SAMEA2273937,ERR486565
SAMEA2273938,ERR486566
SAMEA2273939,ERR486567
SAMEA2273940,ERR486568
SAMEA2273941,ERR486569
SAMEA2273942,ERR486570
SAMEA2273943,ERR486571
SAMEA2273944,ERR486572
SAMEA2273945,ERR486573
SAMEA2273946,ERR486808
SAMEA2273947,ERR486574
SAMEA2273948,ERR486575
SAMEA2273949,ERR486809
SAMEA2273950,ERR486576
SAMEA2273951,ERR486577
SAMEA2273952,ERR486578
SAMEA2273953,ERR486579
SAMEA2273954,ERR486580
SAMEA2273955,ERR486581
SAMEA2273956,ERR486582
SAMEA2273957,ERR486583
SAMEA2273960,ERR486586
SAMEA2273961,ERR486587
SAMEA2273962,ERR486588
SAMEA2273963,ERR486589
SAMEA2273964,ERR486590
SAMEA2273965,ERR486591
SAMEA2273966,ERR486592
SAMEA2273969,ERR486595
SAMEA2273970,ERR486596
SAMEA2273971,ERR486810
SAMEA2273972,ERR486597
SAMEA2273973,ERR486598
SAMEA2273974,ERR486599
SAMEA2273975,ERR486600
SAMEA2273977,ERR486602
SAMEA2273978,ERR486603
SAMEA2273979,ERR486604
SAMEA2273981,ERR486606
SAMEA2273984,ERR486811
SAMEA2273985,ERR486609
SAMEA2273986,ERR486812
SAMEA2273987,ERR486813
SAMEA2273988,ERR486610
SAMEA2273990,ERR486612
SAMEA2273991,ERR486613
SAMEA2273993,ERR486614
SAMEA2273996,ERR486616
SAMEA2273997,ERR486815
SAMEA2273998,ERR486617
SAMEA2274000,ERR486619
SAMEA2274002,ERR486816
SAMEA2274003,ERR486621
SAMEA2274004,ERR486622
SAMEA2274005,ERR486623
SAMEA2274008,ERR486626
SAMEA2274009,ERR486627
SAMEA2274010,ERR486628
SAMEA2274011,ERR486817
SAMEA2274012,ERR486629
SAMEA2274014,ERR486631
SAMEA2274015,ERR486632
SAMEA2274016,ERR486818
SAMEA2274017,ERR486633
SAMEA2274020,ERR486819
SAMEA2274021,ERR486820
SAMEA2274022,ERR486635
SAMEA2274023,ERR486636
SAMEA2274024,ERR486637
SAMEA2274025,ERR486638
SAMEA2274027,ERR486640
SAMEA2274028,ERR486641
SAMEA2274029,ERR486642
SAMEA2274030,ERR486643
SAMEA2274031,ERR486644
SAMEA2274032,ERR486645
SAMEA2274033,ERR486646
SAMEA2274034,ERR486647
SAMEA2274035,ERR486648
SAMEA2274036,ERR486649
SAMEA2274037,ERR486650
SAMEA2274038,ERR486651
SAMEA2274039,ERR486652
SAMEA2274040,ERR486653
SAMEA2274041,ERR486654
SAMEA2274042,ERR486655
SAMEA2274043,ERR486656
SAMEA2274045,ERR486658
SAMEA2274046,ERR486659
SAMEA2274047,ERR486821
SAMEA2274049,ERR486661
SAMEA2274050,ERR486662
SAMEA2274051,ERR486663
SAMEA2274052,ERR486664
SAMEA2274053,ERR486665
SAMEA2274054,ERR486666
SAMEA2274055,ERR486667
SAMEA2274056,ERR486668
SAMEA2274057,ERR486669
SAMEA2274058,ERR486670
SAMEA2274059,ERR486671
SAMEA2274060,ERR486822
SAMEA2274063,ERR486673
SAMEA2274064,ERR486674
SAMEA2274066,ERR486676
SAMEA2274067,ERR486677
SAMEA2274068,ERR486678
SAMEA2274069,ERR486679
SAMEA2274070,ERR486680
SAMEA2274071,ERR486823
SAMEA2274073,ERR486681
SAMEA2274074,ERR486682
SAMEA2274076,ERR486684
SAMEA2274078,ERR486474
SAMEA2274079,ERR486475
SAMEA2274080,ERR486476
SAMEA2274081,ERR486477
SAMEA2274082,ERR486478
SAMEA2274083,ERR486479
SAMEA2274084,ERR486480
SAMEA2274085,ERR486481
SAMEA2274086,ERR486825
SAMEA2274087,ERR486482
SAMEA2274088,ERR486483
SAMEA2274089,ERR486484
SAMEA2274090,ERR486485
SAMEA2274091,ERR486486
SAMEA2274092,ERR486487
SAMEA2274095,ERR486489
SAMEA2274096,ERR486490
SAMEA2274097,ERR486826
SAMEA2274099,ERR486492
SAMEA2274100,ERR486493
SAMEA2274101,ERR486494
SAMEA2274102,ERR486495
SAMEA2274103,ERR486496
SAMEA2274104,ERR486497
SAMEA2274105,ERR486498
SAMEA2274106,ERR486499
SAMN04014962,SRR3112283
SAMN04014962,SRR7012900
SAMN04022953,SRR2225896
SAMN04022954,SRR2225897
SAMN06311523,SRR5237396
SAMN06311525,SRR5237394
SAMN07410715,SRR5862471
SAMEA2273911,ERR486541
SAMEA2273918,ERR486548
SAMEA2273921,ERR486551
SAMEA2273927,ERR486556
SAMEA2273958,ERR486584
SAMEA2273976,ERR486601
SAMEA2273980,ERR486605
SAMEA2273983,ERR486608
SAMEA2273989,ERR486611
SAMEA2273994,ERR486814
SAMEA2273999,ERR486618
SAMEA2274001,ERR486620
SAMEA2274006,ERR486624
SAMEA2274007,ERR486625
SAMEA2274019,ERR486634
SAMEA2274026,ERR486639
SAMEA2274048,ERR486660
SAMEA2274062,ERR486672
SAMEA2274065,ERR486675
SAMEA2274072,ERR486824
SAMEA2274075,ERR486683
SAMEA2274077,ERR486473
SAMEA2274094,ERR486488
