Genome,Ciprofloxacin,Erythromycin,Fusidic Acid,Gentamicin,Methicillin,Penicillin,Rifampicin,Tetracycline,Trimethoprim,Short Read Archive,BioProject Accession,BioSample Accession,Run Accession,Original Study Accession
C00000784,1,1,0,0,1,1,0,0,-,EBI,PRJNA308283,SAMEA2339835,ERR418318,PRJEB5261
C00000785,1,1,0,0,1,1,0,0,-,EBI,PRJNA308283,SAMEA2339836,ERR418319,PRJEB5261
C00000786,1,1,0,0,1,1,0,0,-,EBI,PRJNA308283,SAMEA2339837,ERR418320,PRJEB5261
C00000787,1,1,0,0,1,1,0,0,-,EBI,PRJNA308283,SAMEA2339838,ERR418321,PRJEB5261
C00000788,1,1,0,0,1,1,0,0,-,EBI,PRJNA308283,SAMEA2339839,ERR418322,PRJEB5261
C00000789,1,1,0,0,1,1,0,0,-,EBI,PRJNA308283,SAMEA2339840,ERR418323,PRJEB5261
C00000790,1,1,0,0,1,1,0,0,-,EBI,PRJNA308283,SAMEA2339841,ERR418324,PRJEB5261
C00000795,1,1,0,0,1,1,0,0,-,EBI,PRJNA308283,SAMEA2339842,ERR418325,PRJEB5261
C00000796,1,1,0,0,1,1,0,0,-,EBI,PRJNA308283,SAMEA2339843,ERR418326,PRJEB5261
C00000799,1,1,0,0,1,1,0,0,-,EBI,PRJNA308283,SAMEA2339844,ERR418327,PRJEB5261
C00000800,1,1,0,0,1,1,0,0,-,EBI,PRJNA308283,SAMEA2339845,ERR418328,PRJEB5261
C00000805,1,1,0,0,1,1,0,0,-,EBI,PRJNA308283,SAMEA2339846,ERR418329,PRJEB5261
C00000806,1,1,0,0,1,1,0,0,-,EBI,PRJNA308283,SAMEA2339847,ERR418330,PRJEB5261
C00000808,1,1,0,0,1,1,0,0,-,EBI,PRJNA308283,SAMEA2339848,ERR418331,PRJEB5261
C00000809,1,1,0,0,1,1,0,0,-,EBI,PRJNA308283,SAMEA2339849,ERR418332,PRJEB5261
C00000814,1,1,1,0,1,1,0,1,-,EBI,PRJNA308283,SAMEA2339850,ERR418333,PRJEB5261
C00000815,1,1,0,0,1,1,0,0,-,EBI,PRJNA308283,SAMEA2339851,ERR418334,PRJEB5261
C00000816,1,1,0,0,1,1,0,0,-,EBI,PRJNA308283,SAMEA2339852,ERR418335,PRJEB5261
C00000817,1,1,0,0,1,1,0,0,-,EBI,PRJNA308283,SAMEA2339853,ERR418336,PRJEB5261
C00000818,1,1,0,0,1,1,0,0,-,EBI,PRJNA308283,SAMEA2339854,ERR418337,PRJEB5261
C00000819,1,1,0,0,1,1,0,0,-,EBI,PRJNA308283,SAMEA2339855,ERR418338,PRJEB5261
C00000820,1,1,0,0,1,1,0,0,-,EBI,PRJNA308283,SAMEA2339856,ERR418339,PRJEB5261
C00000825,1,1,0,0,1,1,0,0,-,EBI,PRJNA308283,SAMEA2339857,ERR418340,PRJEB5261
C00000826,1,1,0,0,1,1,0,0,-,EBI,PRJNA308283,SAMEA2339858,ERR418341,PRJEB5261
C00000827,1,1,0,0,1,1,0,0,-,EBI,PRJNA308283,SAMEA2339859,ERR418342,PRJEB5261
C00000828,1,1,0,0,1,1,0,0,-,EBI,PRJNA308283,SAMEA2339860,ERR418343,PRJEB5261
C00000829,1,1,0,0,1,1,0,0,-,EBI,PRJNA308283,SAMEA2339861,ERR418344,PRJEB5261
C00000830,1,0,0,0,1,1,0,0,-,EBI,PRJNA308283,SAMEA2339862,ERR418345,PRJEB5261
C00000831,1,1,0,0,1,1,0,0,-,EBI,PRJNA308283,SAMEA2339863,ERR418346,PRJEB5261
C00000834,1,1,0,0,1,1,0,0,-,EBI,PRJNA308283,SAMEA2339864,ERR418347,PRJEB5261
C00000835,1,1,0,0,1,1,0,0,-,EBI,PRJNA308283,SAMEA2339865,ERR418348,PRJEB5261
C00000836,1,1,0,0,1,1,0,0,-,EBI,PRJNA308283,SAMEA2339866,ERR418349,PRJEB5261
C00000837,1,0,0,0,1,1,0,0,-,EBI,PRJNA308283,SAMEA2339867,ERR418350,PRJEB5261
C00000838,1,1,0,0,1,1,0,0,-,EBI,PRJNA308283,SAMEA2339868,ERR418351,PRJEB5261
C00000839,1,0,0,0,1,1,0,0,-,EBI,PRJNA308283,SAMEA2339869,ERR418352,PRJEB5261
C00000840,1,1,0,0,1,1,0,0,-,EBI,PRJNA308283,SAMEA2339870,ERR418353,PRJEB5261
C00000845,1,1,0,0,1,1,0,0,-,EBI,PRJNA308283,SAMEA2339871,ERR418354,PRJEB5261
C00000846,1,1,0,0,1,1,0,0,-,EBI,PRJNA308283,SAMEA2339872,ERR418355,PRJEB5261
C00000847,1,1,0,0,1,1,0,0,-,EBI,PRJNA308283,SAMEA2339873,ERR418356,PRJEB5261
C00000848,1,1,0,0,1,1,0,0,-,EBI,PRJNA308283,SAMEA2339874,ERR418357,PRJEB5261
C00000849,1,1,0,0,1,1,0,0,-,EBI,PRJNA308283,SAMEA2339875,ERR418358,PRJEB5261
C00000850,1,1,0,0,1,1,0,0,-,EBI,PRJNA308283,SAMEA2339876,ERR418359,PRJEB5261
C00000851,1,1,0,0,1,1,0,1,-,EBI,PRJNA308283,SAMEA2339877,ERR418360,PRJEB5261
C00000852,1,1,0,0,1,1,0,0,-,EBI,PRJNA308283,SAMEA2339878,ERR418361,PRJEB5261
C00000857,1,1,0,0,1,1,0,0,-,EBI,PRJNA308283,SAMEA2339879,ERR418362,PRJEB5261
C00000858,1,1,0,0,1,1,0,0,-,EBI,PRJNA308283,SAMEA2339880,ERR418363,PRJEB5261
C00000859,1,1,0,0,1,1,0,0,-,EBI,PRJNA308283,SAMEA2339881,ERR418364,PRJEB5261
C00000860,1,1,0,0,1,1,0,0,-,EBI,PRJNA308283,SAMEA2339882,ERR418365,PRJEB5261
C00000861,1,1,0,0,1,1,0,0,-,EBI,PRJNA308283,SAMEA2339883,ERR418366,PRJEB5261
C00000862,1,1,0,0,1,1,0,0,-,EBI,PRJNA308283,SAMEA2339884,ERR418367,PRJEB5261
C00000863,1,1,0,0,1,1,0,0,-,EBI,PRJNA308283,SAMEA2339885,ERR418368,PRJEB5261
C00000864,1,1,0,0,1,1,0,0,-,EBI,PRJNA308283,SAMEA2339886,ERR418369,PRJEB5261
C00001384,1,1,0,0,1,1,0,0,-,EBI,PRJNA308283,SAMEA2339887,ERR418370,PRJEB5261
C00001385,1,1,0,0,1,1,1,0,-,EBI,PRJNA308283,SAMEA2339888,ERR418371,PRJEB5261
C00001386,1,1,0,0,1,1,0,0,-,EBI,PRJNA308283,SAMEA2339889,ERR418372,PRJEB5261
C00001387,0,0,0,0,0,1,0,0,-,EBI,PRJNA308283,SAMEA2339890,ERR418373,PRJEB5261
C00001388,1,0,0,0,1,1,0,0,-,EBI,PRJNA308283,SAMEA2339891,ERR418374,PRJEB5261
C00001389,1,1,0,0,1,1,0,0,-,EBI,PRJNA308283,SAMEA2339892,ERR418375,PRJEB5261
C00001390,1,1,0,0,1,1,0,0,-,EBI,PRJNA308283,SAMEA2339893,ERR418376,PRJEB5261
C00001397,1,1,0,0,1,1,0,0,-,EBI,PRJNA308283,SAMEA2339894,ERR418377,PRJEB5261
C00001399,1,0,0,0,1,1,0,0,-,EBI,PRJNA308283,SAMEA2339895,ERR418378,PRJEB5261
C00001400,0,0,0,0,1,1,0,0,-,EBI,PRJNA308283,SAMEA2339896,ERR418379,PRJEB5261
C00001401,1,1,0,0,1,1,0,0,-,EBI,PRJNA308283,SAMEA2339897,ERR418380,PRJEB5261
C00001402,1,1,0,1,1,1,0,0,-,EBI,PRJNA308283,SAMEA2339898,ERR418381,PRJEB5261
C00001404,1,1,0,0,1,1,0,0,-,EBI,PRJNA308283,SAMEA2339899,ERR418382,PRJEB5261
C00001405,1,1,0,1,1,1,0,0,-,EBI,PRJNA308283,SAMEA2339900,ERR418383,PRJEB5261
C00001406,1,1,0,0,1,1,0,0,-,EBI,PRJNA308283,SAMEA2339901,ERR418384,PRJEB5261
C00001440,1,0,0,0,0,1,0,0,-,EBI,PRJNA308283,SAMEA2339902,ERR418385,PRJEB5261
C00001441,0,0,0,0,0,1,0,0,-,EBI,PRJNA308283,SAMEA2339903,ERR418386,PRJEB5261
C00001442,1,0,0,0,0,1,0,0,-,EBI,PRJNA308283,SAMEA2339904,ERR418387,PRJEB5261
C00001443,1,0,0,0,0,1,0,0,-,EBI,PRJNA308283,SAMEA2339905,ERR418388,PRJEB5261
C00001445,0,0,0,0,0,0,0,0,-,EBI,PRJNA308283,SAMEA2339906,ERR418389,PRJEB5261
C00001446,0,0,0,0,0,1,0,0,-,EBI,PRJNA308283,SAMEA2339907,ERR418390,PRJEB5261
C00001447,0,0,0,0,0,0,0,0,-,EBI,PRJNA308283,SAMEA2339908,ERR418391,PRJEB5261
C00001448,0,0,0,0,0,1,0,0,-,EBI,PRJNA308283,SAMEA2339909,ERR418392,PRJEB5261
C00001449,0,0,0,0,0,1,0,0,-,EBI,PRJNA308283,SAMEA2339910,ERR418393,PRJEB5261
C00001451,0,0,0,0,0,1,0,0,-,EBI,PRJNA308283,SAMEA2339911,ERR418394,PRJEB5261
C00001452,0,0,0,0,0,1,0,0,-,EBI,PRJNA308283,SAMEA2339912,ERR418395,PRJEB5261
C00001453,0,0,0,0,0,1,0,0,-,EBI,PRJNA308283,SAMEA2339913,ERR418396,PRJEB5261
C00002649,0,0,0,0,0,1,0,0,-,EBI,PRJNA308283,SAMEA2339914,ERR418397,PRJEB5261
C00002652,0,0,0,0,0,1,0,0,-,EBI,PRJNA308283,SAMEA2339915,ERR418398,PRJEB5261
C00002653,0,0,0,0,0,1,0,0,-,EBI,PRJNA308283,SAMEA2339916,ERR418399,PRJEB5261
C00002655,0,0,0,0,0,1,0,0,-,EBI,PRJNA308283,SAMEA2339917,ERR418400,PRJEB5261
C00002656,0,0,0,0,0,1,0,0,-,EBI,PRJNA308283,SAMEA2339918,ERR418401,PRJEB5261
C00002657,0,0,0,0,0,1,0,0,-,EBI,PRJNA308283,SAMEA2339919,ERR418402,PRJEB5261
C00002658,0,0,0,0,0,1,0,0,-,EBI,PRJNA308283,SAMEA2339920,ERR418403,PRJEB5261
C00002661,0,0,0,0,0,1,0,0,-,EBI,PRJNA308283,SAMEA2339921,ERR418404,PRJEB5261
C00002662,0,0,0,0,0,1,0,0,-,EBI,PRJNA308283,SAMEA2339922,ERR418405,PRJEB5261
C00003083,0,0,0,0,0,1,0,0,0,EBI,PRJNA308283,SAMEA2339923,ERR418406,PRJEB5261
C00003084,0,0,0,0,0,1,0,0,0,EBI,PRJNA308283,SAMEA2339924,ERR418407,PRJEB5261
C00003085,0,0,0,0,0,0,0,0,0,EBI,PRJNA308283,SAMEA2339925,ERR418408,PRJEB5261
C00003086,1,1,0,0,0,1,0,0,0,EBI,PRJNA308283,SAMEA2339926,ERR418409,PRJEB5261
C00003087,0,0,0,0,0,0,0,0,0,EBI,PRJNA308283,SAMEA2339927,ERR418410,PRJEB5261
C00003088,0,0,0,0,0,1,0,0,0,EBI,PRJNA308283,SAMEA2339928,ERR418411,PRJEB5261
C00003089,0,1,0,0,0,1,0,0,0,EBI,PRJNA308283,SAMEA2339929,ERR418412,PRJEB5261
C00003090,0,0,0,0,0,1,0,0,0,EBI,PRJNA308283,SAMEA2339930,ERR418413,PRJEB5261
C00003091,0,0,0,0,0,1,0,0,0,EBI,PRJNA308283,SAMEA2339931,ERR418414,PRJEB5261
C00003092,0,0,0,0,0,1,0,0,0,EBI,PRJNA308283,SAMEA2339932,ERR418415,PRJEB5261
C00003093,1,1,0,0,1,1,0,0,0,EBI,PRJNA308283,SAMEA2339933,ERR418416,PRJEB5261
C00003095,0,0,0,0,0,0,0,0,0,EBI,PRJNA308283,SAMEA2339934,ERR418417,PRJEB5261
C00003096,1,1,0,0,1,1,0,0,0,EBI,PRJNA308283,SAMEA2339935,ERR418418,PRJEB5261
C00003098,0,0,0,0,0,0,0,0,0,EBI,PRJNA308283,SAMEA2339936,ERR418419,PRJEB5261
C00003099,0,0,0,0,0,0,0,0,0,EBI,PRJNA308283,SAMEA2339937,ERR418420,PRJEB5261
C00003100,1,0,0,0,1,1,0,0,0,EBI,PRJNA308283,SAMEA2339938,ERR418421,PRJEB5261
C00003101,0,0,0,0,0,1,0,0,0,EBI,PRJNA308283,SAMEA2339939,ERR418422,PRJEB5261
C00003102,0,0,0,0,0,0,0,0,0,EBI,PRJNA308283,SAMEA2339940,ERR418423,PRJEB5261
C00003103,1,0,0,0,1,1,0,0,0,EBI,PRJNA308283,SAMEA2339941,ERR418424,PRJEB5261
C00003104,1,1,0,1,1,1,0,0,0,EBI,PRJNA308283,SAMEA2339942,ERR418425,PRJEB5261
C00003106,0,0,0,0,0,1,0,0,0,EBI,PRJNA308283,SAMEA2339943,ERR418426,PRJEB5261
C00003107,0,0,0,0,0,1,0,0,1,EBI,PRJNA308283,SAMEA2339944,ERR418427,PRJEB5261
C00003108,0,0,0,0,0,1,0,0,0,EBI,PRJNA308283,SAMEA2339945,ERR418428,PRJEB5261
C00003109,0,0,0,0,0,1,0,0,0,EBI,PRJNA308283,SAMEA2339946,ERR418429,PRJEB5261
C00003110,0,0,0,0,0,1,0,0,0,EBI,PRJNA308283,SAMEA2339947,ERR418430,PRJEB5261
C00003111,1,1,1,0,1,1,0,0,0,EBI,PRJNA308283,SAMEA2339948,ERR418431,PRJEB5261
C00003112,0,0,0,0,0,1,0,0,0,EBI,PRJNA308283,SAMEA2339949,ERR418432,PRJEB5261
C00003113,0,0,0,0,0,0,0,0,0,EBI,PRJNA308283,SAMEA2339950,ERR418433,PRJEB5261
C00003114,0,0,1,0,0,1,0,1,0,EBI,PRJNA308283,SAMEA2339951,ERR418434,PRJEB5261
C00003115,1,0,0,0,1,1,1,0,0,EBI,PRJNA308283,SAMEA2339952,ERR418435,PRJEB5261
C00003116,0,0,0,0,0,1,0,0,0,EBI,PRJNA308283,SAMEA2339953,ERR418436,PRJEB5261
C00003118,0,0,0,1,0,0,0,0,0,EBI,PRJNA308283,SAMEA2339954,ERR418437,PRJEB5261
C00003119,0,0,0,0,0,1,0,0,0,EBI,PRJNA308283,SAMEA2339955,ERR418438,PRJEB5261
C00003120,0,0,1,0,0,1,0,0,0,EBI,PRJNA308283,SAMEA2339956,ERR418439,PRJEB5261
C00003121,0,0,0,0,0,0,0,0,0,EBI,PRJNA308283,SAMEA2339957,ERR418440,PRJEB5261
C00003122,0,0,0,0,0,1,0,0,0,EBI,PRJNA308283,SAMEA2339958,ERR418441,PRJEB5261
C00003124,0,0,0,0,0,1,0,0,0,EBI,PRJNA308283,SAMEA2339959,ERR418442,PRJEB5261
C00003125,1,1,0,0,1,1,0,0,0,EBI,PRJNA308283,SAMEA2339960,ERR418443,PRJEB5261
C00003126,0,0,0,0,0,1,0,0,0,EBI,PRJNA308283,SAMEA2339961,ERR418444,PRJEB5261
C00003127,1,0,0,0,0,1,0,0,0,EBI,PRJNA308283,SAMEA2339962,ERR418445,PRJEB5261
C00003128,0,0,1,0,0,1,0,0,0,EBI,PRJNA308283,SAMEA2339963,ERR418446,PRJEB5261
C00003129,0,0,0,0,0,1,0,0,0,EBI,PRJNA308283,SAMEA2339964,ERR418447,PRJEB5261
C00003130,1,0,1,0,0,1,1,0,0,EBI,PRJNA308283,SAMEA2339965,ERR418448,PRJEB5261
C00003131,0,0,0,0,0,0,0,1,0,EBI,PRJNA308283,SAMEA2339966,ERR418449,PRJEB5261
C00003132,1,0,0,0,1,1,0,0,0,EBI,PRJNA308283,SAMEA2339967,ERR418450,PRJEB5261
C00003133,1,0,0,0,1,1,0,0,0,EBI,PRJNA308283,SAMEA2339968,ERR418451,PRJEB5261
C00003134,0,0,0,0,0,1,0,0,0,EBI,PRJNA308283,SAMEA2339969,ERR418452,PRJEB5261
C00003135,0,0,1,0,0,1,0,1,0,EBI,PRJNA308283,SAMEA2339970,ERR418453,PRJEB5261
C00003136,0,0,0,0,0,1,0,0,0,EBI,PRJNA308283,SAMEA2339971,ERR418454,PRJEB5261
C00003137,1,0,0,0,1,1,0,0,0,EBI,PRJNA308283,SAMEA2339972,ERR418455,PRJEB5261
C00003138,0,0,0,0,0,1,0,0,0,EBI,PRJNA308283,SAMEA2339973,ERR418456,PRJEB5261
C00003139,0,0,0,0,0,1,0,0,0,EBI,PRJNA308283,SAMEA2339974,ERR418457,PRJEB5261
C00003140,0,0,0,0,0,1,0,0,0,EBI,PRJNA308283,SAMEA2339975,ERR418458,PRJEB5261
C00003141,0,0,1,0,0,1,0,1,0,EBI,PRJNA308283,SAMEA2339976,ERR418459,PRJEB5261
C00003142,1,1,0,0,1,1,0,0,0,EBI,PRJNA308283,SAMEA2339977,ERR418460,PRJEB5261
C00003143,0,0,0,0,0,1,0,0,0,EBI,PRJNA308283,SAMEA2339978,ERR418461,PRJEB5261
C00003144,0,0,0,0,0,0,0,0,0,EBI,PRJNA308283,SAMEA2339979,ERR418462,PRJEB5261
C00003145,0,0,0,0,0,0,0,0,0,EBI,PRJNA308283,SAMEA2339980,ERR418463,PRJEB5261
C00003147,0,0,0,0,0,1,0,0,0,EBI,PRJNA308283,SAMEA2339981,ERR418464,PRJEB5261
C00003148,0,0,0,0,0,1,0,0,0,EBI,PRJNA308283,SAMEA2339982,ERR418465,PRJEB5261
C00003149,1,0,0,0,1,1,0,0,0,EBI,PRJNA308283,SAMEA2339983,ERR418466,PRJEB5261
C00003150,0,0,0,0,0,1,0,0,0,EBI,PRJNA308283,SAMEA2339984,ERR418467,PRJEB5261
C00003151,1,1,1,0,1,1,0,0,1,EBI,PRJNA308283,SAMEA2339985,ERR418468,PRJEB5261
C00003152,0,1,0,0,0,1,0,0,0,EBI,PRJNA308283,SAMEA2339986,ERR418469,PRJEB5261
C00003153,0,0,0,0,0,1,0,0,0,EBI,PRJNA308283,SAMEA2339987,ERR418470,PRJEB5261
C00003154,1,1,0,0,1,1,0,0,0,EBI,PRJNA308283,SAMEA2339988,ERR418471,PRJEB5261
C00003155,1,1,0,0,1,1,0,0,0,EBI,PRJNA308283,SAMEA2339989,ERR418472,PRJEB5261
C00003156,0,0,0,0,0,1,0,0,0,EBI,PRJNA308283,SAMEA2339990,ERR418473,PRJEB5261
C00003158,0,0,0,0,0,1,0,0,0,EBI,PRJNA308283,SAMEA2339991,ERR418474,PRJEB5261
C00003159,0,0,0,0,0,1,0,0,0,EBI,PRJNA308283,SAMEA2339992,ERR418475,PRJEB5261
C00003160,0,0,0,0,0,1,0,0,0,EBI,PRJNA308283,SAMEA2339993,ERR418476,PRJEB5261
C00003161,0,0,0,1,0,0,0,0,0,EBI,PRJNA308283,SAMEA2339994,ERR418477,PRJEB5261
C00003162,0,0,0,0,0,1,0,0,0,EBI,PRJNA308283,SAMEA2339995,ERR418478,PRJEB5261
C00003163,0,0,1,0,0,1,0,0,0,EBI,PRJNA308283,SAMEA2339996,ERR418479,PRJEB5261
C00003164,0,0,0,0,0,1,0,0,0,EBI,PRJNA308283,SAMEA2339997,ERR418480,PRJEB5261
C00003165,0,0,0,0,0,1,0,0,0,EBI,PRJNA308283,SAMEA2339998,ERR418481,PRJEB5261
C00003166,0,0,0,0,1,1,0,0,0,EBI,PRJNA308283,SAMEA2339999,ERR418482,PRJEB5261
C00003167,0,0,0,0,0,0,0,0,0,EBI,PRJNA308283,SAMEA2340000,ERR418483,PRJEB5261
C00003168,1,0,0,0,0,1,0,0,0,EBI,PRJNA308283,SAMEA2340001,ERR418484,PRJEB5261
C00003169,0,0,0,0,0,1,0,0,0,EBI,PRJNA308283,SAMEA2340002,ERR418485,PRJEB5261
C00003170,1,1,0,0,0,1,0,0,0,EBI,PRJNA308283,SAMEA2340003,ERR418486,PRJEB5261
C00003171,0,0,0,0,0,1,0,0,0,EBI,PRJNA308283,SAMEA2340004,ERR418487,PRJEB5261
C00003172,0,0,0,0,0,1,0,0,0,EBI,PRJNA308283,SAMEA2340005,ERR418488,PRJEB5261
C00003173,0,0,0,0,0,1,0,0,0,EBI,PRJNA308283,SAMEA2340006,ERR418489,PRJEB5261
C00003174,1,1,1,0,1,1,0,0,0,EBI,PRJNA308283,SAMEA2340007,ERR418490,PRJEB5261
C00003175,1,0,0,0,0,1,0,0,0,EBI,PRJNA308283,SAMEA2340008,ERR418491,PRJEB5261
C00003176,0,0,0,0,0,1,0,0,0,EBI,PRJNA308283,SAMEA2340009,ERR418492,PRJEB5261
C00003177,0,0,0,0,0,0,0,0,0,EBI,PRJNA308283,SAMEA2340010,ERR418493,PRJEB5261
C00003178,0,0,0,0,0,1,0,0,0,EBI,PRJNA308283,SAMEA2340011,ERR418494,PRJEB5261
C00003179,0,0,0,0,0,1,0,0,0,EBI,PRJNA308283,SAMEA2340012,ERR418495,PRJEB5261
C00003180,0,0,0,0,0,1,0,0,0,EBI,PRJNA308283,SAMEA2340013,ERR418496,PRJEB5261
C00003181,0,0,0,0,0,0,0,0,0,EBI,PRJNA308283,SAMEA2340014,ERR418497,PRJEB5261
C00003182,1,1,0,0,1,1,0,0,0,EBI,PRJNA308283,SAMEA2340015,ERR418498,PRJEB5261
C00003183,1,0,0,0,1,1,0,0,0,EBI,PRJNA308283,SAMEA2340016,ERR418499,PRJEB5261
C00003184,0,0,0,0,0,1,0,0,0,EBI,PRJNA308283,SAMEA2340017,ERR418500,PRJEB5261
C00003185,0,0,0,0,0,0,0,0,0,EBI,PRJNA308283,SAMEA2340018,ERR418501,PRJEB5261
C00003186,0,0,1,0,0,1,0,1,0,EBI,PRJNA308283,SAMEA2340019,ERR418502,PRJEB5261
C00003187,1,1,0,0,1,1,0,0,0,EBI,PRJNA308283,SAMEA2340020,ERR418503,PRJEB5261
C00003188,0,0,0,0,0,1,0,0,0,EBI,PRJNA308283,SAMEA2340021,ERR418504,PRJEB5261
C00003189,1,1,0,0,1,1,0,1,0,EBI,PRJNA308283,SAMEA2340022,ERR418505,PRJEB5261
C00003190,0,1,0,0,0,1,0,0,0,EBI,PRJNA308283,SAMEA2340023,ERR418506,PRJEB5261
C00003191,1,0,0,0,1,1,0,0,0,EBI,PRJNA308283,SAMEA2340024,ERR418507,PRJEB5261
C00003192,0,0,0,0,0,1,0,0,0,EBI,PRJNA308283,SAMEA2340025,ERR418508,PRJEB5261
C00003193,1,1,0,0,1,1,0,0,0,EBI,PRJNA308283,SAMEA2340026,ERR418509,PRJEB5261
C00003194,0,0,0,0,0,1,0,0,0,EBI,PRJNA308283,SAMEA2340027,ERR418510,PRJEB5261
C00003195,0,0,0,0,0,1,0,0,0,EBI,PRJNA308283,SAMEA2340028,ERR418511,PRJEB5261
C00003196,0,0,0,0,0,0,0,0,0,EBI,PRJNA308283,SAMEA2340029,ERR418512,PRJEB5261
C00003197,0,0,0,0,0,1,0,0,0,EBI,PRJNA308283,SAMEA2340030,ERR418513,PRJEB5261
C00003198,0,0,0,0,0,1,0,0,0,EBI,PRJNA308283,SAMEA2340031,ERR418514,PRJEB5261
C00003199,0,0,0,0,0,1,0,0,0,EBI,PRJNA308283,SAMEA2340032,ERR418515,PRJEB5261
C00003200,0,0,1,0,0,1,0,0,0,EBI,PRJNA308283,SAMEA2340033,ERR418516,PRJEB5261
C00003201,1,1,0,0,1,1,0,0,0,EBI,PRJNA308283,SAMEA2340034,ERR418517,PRJEB5261
C00003202,0,0,0,0,0,0,0,0,0,EBI,PRJNA308283,SAMEA2340035,ERR418518,PRJEB5261
C00003203,0,0,0,0,0,1,0,0,0,EBI,PRJNA308283,SAMEA2340036,ERR418519,PRJEB5261
C00003204,0,0,0,0,0,1,0,0,0,EBI,PRJNA308283,SAMEA2340037,ERR418520,PRJEB5261
C00003205,0,1,0,0,0,0,0,0,0,EBI,PRJNA308283,SAMEA2340038,ERR418521,PRJEB5261
C00003206,0,0,0,0,0,1,0,0,0,EBI,PRJNA308283,SAMEA2340039,ERR418522,PRJEB5261
C00003207,0,0,1,0,0,1,0,0,0,EBI,PRJNA308283,SAMEA2340040,ERR418523,PRJEB5261
C00003208,1,0,1,0,1,1,0,1,1,EBI,PRJNA308283,SAMEA2340041,ERR418524,PRJEB5261
C00003209,0,0,1,0,0,0,0,0,0,EBI,PRJNA308283,SAMEA2340042,ERR418525,PRJEB5261
C00003210,0,0,0,0,0,1,0,0,0,EBI,PRJNA308283,SAMEA2340043,ERR418526,PRJEB5261
C00003211,0,0,0,0,0,0,0,0,0,EBI,PRJNA308283,SAMEA2340044,ERR418527,PRJEB5261
C00003212,0,0,0,0,0,0,0,0,0,EBI,PRJNA308283,SAMEA2340045,ERR418528,PRJEB5261
C00003213,0,0,0,0,0,1,0,0,0,EBI,PRJNA308283,SAMEA2340046,ERR418529,PRJEB5261
C00003215,0,0,1,0,0,1,0,0,0,EBI,PRJNA308283,SAMEA2340047,ERR418530,PRJEB5261
C00003216,0,1,0,0,0,1,0,0,0,EBI,PRJNA308283,SAMEA2340048,ERR418531,PRJEB5261
C00003217,0,1,0,0,0,0,0,0,0,EBI,PRJNA308283,SAMEA2340049,ERR418532,PRJEB5261
C00003218,1,0,0,0,1,1,0,0,0,EBI,PRJNA308283,SAMEA2340050,ERR418533,PRJEB5261
C00003219,0,0,0,0,0,1,0,0,0,EBI,PRJNA308283,SAMEA2340051,ERR418534,PRJEB5261
C00003220,0,0,0,0,0,1,0,0,0,EBI,PRJNA308283,SAMEA2340052,ERR418535,PRJEB5261
C00003221,1,0,0,0,0,1,0,0,0,EBI,PRJNA308283,SAMEA2340053,ERR418536,PRJEB5261
C00003222,0,0,0,0,0,1,0,0,0,EBI,PRJNA308283,SAMEA2340054,ERR418537,PRJEB5261
C00003223,1,0,0,0,1,1,0,0,0,EBI,PRJNA308283,SAMEA2340055,ERR418538,PRJEB5261
C00003224,0,0,0,0,0,1,0,1,0,EBI,PRJNA308283,SAMEA2340056,ERR418539,PRJEB5261
C00003225,0,0,0,0,0,1,0,0,0,EBI,PRJNA308283,SAMEA2340057,ERR418540,PRJEB5261
C00003226,0,0,0,0,0,1,0,0,0,EBI,PRJNA308283,SAMEA2340058,ERR418541,PRJEB5261
C00003227,0,1,0,0,0,1,0,0,0,EBI,PRJNA308283,SAMEA2340059,ERR418542,PRJEB5261
C00003228,0,0,0,0,0,1,0,0,0,EBI,PRJNA308283,SAMEA2340060,ERR418543,PRJEB5261
C00003229,0,0,0,0,0,1,0,1,0,EBI,PRJNA308283,SAMEA2340061,ERR418544,PRJEB5261
C00003231,0,0,0,0,0,1,0,0,0,EBI,PRJNA308283,SAMEA2340062,ERR418545,PRJEB5261
C00003232,0,0,1,0,0,1,0,0,0,EBI,PRJNA308283,SAMEA2340063,ERR418546,PRJEB5261
C00003233,0,0,1,0,0,1,0,0,0,EBI,PRJNA308283,SAMEA2340064,ERR418547,PRJEB5261
C00003235,1,0,0,0,1,1,0,0,0,EBI,PRJNA308283,SAMEA2340065,ERR418548,PRJEB5261
C00003236,0,0,0,0,0,1,0,0,0,EBI,PRJNA308283,SAMEA2340066,ERR418549,PRJEB5261
C00003237,0,0,0,0,0,1,0,0,0,EBI,PRJNA308283,SAMEA2340067,ERR418550,PRJEB5261
C00003238,0,0,0,0,0,1,0,0,0,EBI,PRJNA308283,SAMEA2340068,ERR418551,PRJEB5261
C00003239,0,0,0,0,0,1,0,0,0,EBI,PRJNA308283,SAMEA2340069,ERR418552,PRJEB5261
C00003240,0,0,0,0,0,0,0,0,0,EBI,PRJNA308283,SAMEA2340070,ERR418553,PRJEB5261
C00003241,0,0,0,0,0,1,0,0,0,EBI,PRJNA308283,SAMEA2340071,ERR418554,PRJEB5261
C00003242,1,1,0,0,0,1,0,0,0,EBI,PRJNA308283,SAMEA2340072,ERR418555,PRJEB5261
C00003243,0,0,0,0,0,1,0,0,0,EBI,PRJNA308283,SAMEA2340073,ERR418556,PRJEB5261
C00003244,0,0,0,0,0,1,0,0,0,EBI,PRJNA308283,SAMEA2340074,ERR418557,PRJEB5261
C00003245,0,0,0,0,0,1,0,0,0,EBI,PRJNA308283,SAMEA2340075,ERR418558,PRJEB5261
C00003246,0,1,0,0,0,1,0,0,0,EBI,PRJNA308283,SAMEA2340076,ERR418559,PRJEB5261
C00003247,1,1,0,0,0,1,0,0,0,EBI,PRJNA308283,SAMEA2340077,ERR418560,PRJEB5261
C00003248,0,0,0,0,0,1,0,0,0,EBI,PRJNA308283,SAMEA2340078,ERR418561,PRJEB5261
C00003249,0,0,0,0,0,0,0,0,0,EBI,PRJNA308283,SAMEA2340079,ERR418562,PRJEB5261
C00003250,1,0,0,0,1,1,0,0,0,EBI,PRJNA308283,SAMEA2340080,ERR418563,PRJEB5261
C00003251,0,0,0,0,0,1,0,0,0,EBI,PRJNA308283,SAMEA2340081,ERR418564,PRJEB5261
C00003252,0,0,0,0,0,1,0,0,0,EBI,PRJNA308283,SAMEA2340082,ERR418565,PRJEB5261
C00003253,0,0,0,0,0,1,0,0,0,EBI,PRJNA308283,SAMEA2340083,ERR418566,PRJEB5261
C00003254,0,0,0,0,0,1,0,0,1,EBI,PRJNA308283,SAMEA2340084,ERR418567,PRJEB5261
C00003255,0,0,0,0,0,1,0,0,0,EBI,PRJNA308283,SAMEA2340085,ERR418568,PRJEB5261
C00003256,0,0,0,0,0,1,0,0,0,EBI,PRJNA308283,SAMEA2340086,ERR418569,PRJEB5261
C00003257,0,0,0,0,0,1,0,0,0,EBI,PRJNA308283,SAMEA2340087,ERR418570,PRJEB5261
C00003258,0,0,0,0,0,1,0,0,0,EBI,PRJNA308283,SAMEA2340088,ERR418571,PRJEB5261
C00003259,0,0,0,0,0,0,0,0,0,EBI,PRJNA308283,SAMEA2340089,ERR418572,PRJEB5261
C00003260,0,0,0,0,0,1,0,0,0,EBI,PRJNA308283,SAMEA2340090,ERR418573,PRJEB5261
C00003261,0,0,0,0,0,1,0,0,0,EBI,PRJNA308283,SAMEA2340091,ERR418574,PRJEB5261
C00003262,0,1,0,0,0,1,0,1,0,EBI,PRJNA308283,SAMEA2340092,ERR418575,PRJEB5261
C00003263,0,0,0,0,0,1,0,0,0,EBI,PRJNA308283,SAMEA2340093,ERR418576,PRJEB5261
C00003264,0,0,1,0,0,1,0,0,0,EBI,PRJNA308283,SAMEA2340094,ERR418577,PRJEB5261
C00003265,0,0,1,0,0,1,0,0,0,EBI,PRJNA308283,SAMEA2340095,ERR418578,PRJEB5261
C00003266,0,0,0,0,0,0,0,1,0,EBI,PRJNA308283,SAMEA2340096,ERR418579,PRJEB5261
C00003267,0,0,0,0,0,1,0,0,0,EBI,PRJNA308283,SAMEA2340097,ERR418580,PRJEB5261
C00003268,1,0,0,0,1,1,0,0,0,EBI,PRJNA308283,SAMEA2340098,ERR418581,PRJEB5261
C00003269,1,0,0,0,1,1,0,0,0,EBI,PRJNA308283,SAMEA2340099,ERR418582,PRJEB5261
C00003270,0,0,0,0,0,0,0,0,0,EBI,PRJNA308283,SAMEA2340100,ERR418583,PRJEB5261
C00003271,1,1,0,0,1,1,0,1,0,EBI,PRJNA308283,SAMEA2340101,ERR418584,PRJEB5261
C00003272,1,0,0,0,1,1,0,1,0,EBI,PRJNA308283,SAMEA2340102,ERR418585,PRJEB5261
C00003274,0,0,0,0,0,0,0,0,0,EBI,PRJNA308283,SAMEA2340103,ERR418586,PRJEB5261
C00003275,0,0,0,0,0,1,0,0,0,EBI,PRJNA308283,SAMEA2340104,ERR418587,PRJEB5261
C00003276,0,0,0,0,0,1,0,0,0,EBI,PRJNA308283,SAMEA2340105,ERR418588,PRJEB5261
C00003277,0,0,0,0,0,1,0,0,0,EBI,PRJNA308283,SAMEA2340106,ERR418589,PRJEB5261
C00003278,0,0,0,0,0,1,0,0,0,EBI,PRJNA308283,SAMEA2340107,ERR418590,PRJEB5261
C00003279,0,0,0,0,0,1,0,0,0,EBI,PRJNA308283,SAMEA2340108,ERR418591,PRJEB5261
C00003280,0,0,0,0,0,1,0,0,0,EBI,PRJNA308283,SAMEA2340109,ERR418592,PRJEB5261
C00003281,0,0,0,0,0,1,0,0,1,EBI,PRJNA308283,SAMEA2340110,ERR418593,PRJEB5261
C00003282,0,0,0,0,0,0,0,0,0,EBI,PRJNA308283,SAMEA2340111,ERR418594,PRJEB5261
C00003283,0,0,0,0,0,1,0,0,0,EBI,PRJNA308283,SAMEA2340112,ERR418595,PRJEB5261
C00003284,1,1,0,0,1,1,0,0,0,EBI,PRJNA308283,SAMEA2340113,ERR418596,PRJEB5261
C00003285,0,0,0,0,0,0,0,0,0,EBI,PRJNA308283,SAMEA2340114,ERR418597,PRJEB5261
C00003286,0,0,0,0,0,1,0,0,0,EBI,PRJNA308283,SAMEA2340115,ERR418598,PRJEB5261
C00003287,0,0,1,0,0,1,0,0,0,EBI,PRJNA308283,SAMEA2340116,ERR418599,PRJEB5261
C00003288,0,0,0,0,0,0,0,0,0,EBI,PRJNA308283,SAMEA2340117,ERR418600,PRJEB5261
C00003289,1,1,0,0,1,1,0,0,1,EBI,PRJNA308283,SAMEA2340118,ERR418601,PRJEB5261
C00003290,0,0,0,1,0,1,0,0,0,EBI,PRJNA308283,SAMEA2340119,ERR418602,PRJEB5261
C00003291,0,0,0,0,0,1,0,0,0,EBI,PRJNA308283,SAMEA2340120,ERR418603,PRJEB5261
C00003292,0,0,0,0,0,1,0,0,0,EBI,PRJNA308283,SAMEA2340121,ERR418604,PRJEB5261
C00003294,0,0,0,0,0,1,0,0,0,EBI,PRJNA308283,SAMEA2340122,ERR418605,PRJEB5261
C00003295,0,0,0,0,0,1,0,0,0,EBI,PRJNA308283,SAMEA2340123,ERR418606,PRJEB5261
C00003296,0,1,0,0,0,0,0,0,0,EBI,PRJNA308283,SAMEA2340124,ERR418607,PRJEB5261
C00003298,0,0,0,0,0,1,0,0,0,EBI,PRJNA308283,SAMEA2340125,ERR418608,PRJEB5261
C00003299,0,0,0,0,0,1,0,0,0,EBI,PRJNA308283,SAMEA2340126,ERR418609,PRJEB5261
C00003301,1,0,0,0,1,1,0,0,1,EBI,PRJNA308283,SAMEA2340127,ERR418610,PRJEB5261
C00003302,0,0,1,0,0,1,0,1,0,EBI,PRJNA308283,SAMEA2340128,ERR418611,PRJEB5261
C00003303,0,0,1,0,0,1,0,0,0,EBI,PRJNA308283,SAMEA2340129,ERR418612,PRJEB5261
C00003304,0,0,0,0,0,1,0,0,0,EBI,PRJNA308283,SAMEA2340130,ERR418613,PRJEB5261
C00003305,0,0,0,0,0,1,0,0,0,EBI,PRJNA308283,SAMEA2340131,ERR418614,PRJEB5261
C00003306,0,0,0,0,0,1,0,0,0,EBI,PRJNA308283,SAMEA2340132,ERR418615,PRJEB5261
C00003307,0,0,0,0,0,1,0,0,0,EBI,PRJNA308283,SAMEA2340133,ERR418616,PRJEB5261
C00003308,0,0,0,0,0,0,0,0,0,EBI,PRJNA308283,SAMEA2340134,ERR418617,PRJEB5261
C00003309,0,0,1,0,0,1,0,0,0,EBI,PRJNA308283,SAMEA2340135,ERR418618,PRJEB5261
C00003310,0,0,0,0,0,1,0,0,0,EBI,PRJNA308283,SAMEA2340136,ERR418619,PRJEB5261
C00003311,0,0,0,0,0,1,0,0,0,EBI,PRJNA308283,SAMEA2340137,ERR418620,PRJEB5261
C00003312,0,0,0,0,0,1,0,0,0,EBI,PRJNA308283,SAMEA2340138,ERR418621,PRJEB5261
C00003313,0,0,0,0,0,0,0,0,0,EBI,PRJNA308283,SAMEA2340139,ERR418622,PRJEB5261
C00003314,0,0,0,0,0,1,0,0,0,EBI,PRJNA308283,SAMEA2340140,ERR418623,PRJEB5261
C00003315,1,0,0,0,1,1,0,0,0,EBI,PRJNA308283,SAMEA2340141,ERR418624,PRJEB5261
C00003316,0,0,0,0,0,1,0,0,0,EBI,PRJNA308283,SAMEA2340142,ERR418625,PRJEB5261
C00003317,0,0,0,0,0,1,0,0,0,EBI,PRJNA308283,SAMEA2340143,ERR418626,PRJEB5261
C00003318,0,0,0,0,0,1,0,0,0,EBI,PRJNA308283,SAMEA2340144,ERR418627,PRJEB5261
C00003319,0,0,0,0,0,1,0,0,0,EBI,PRJNA308283,SAMEA2340145,ERR418628,PRJEB5261
C00003320,1,0,0,0,1,1,0,0,0,EBI,PRJNA308283,SAMEA2340146,ERR418629,PRJEB5261
C00003321,0,0,1,0,0,1,0,0,0,EBI,PRJNA308283,SAMEA2340147,ERR418630,PRJEB5261
C00003322,0,0,0,0,0,1,0,0,0,EBI,PRJNA308283,SAMEA2340148,ERR418631,PRJEB5261
C00003323,1,1,0,0,1,1,0,0,1,EBI,PRJNA308283,SAMEA2340149,ERR418632,PRJEB5261
C00003324,0,0,0,0,0,1,0,0,0,EBI,PRJNA308283,SAMEA2340150,ERR418633,PRJEB5261
C00003325,0,0,0,0,0,0,0,0,0,EBI,PRJNA308283,SAMEA2340151,ERR418634,PRJEB5261
C00003328,0,0,0,0,0,0,0,1,0,EBI,PRJNA308283,SAMEA2340152,ERR418635,PRJEB5261
C00003329,0,0,0,0,0,0,0,0,0,EBI,PRJNA308283,SAMEA2340153,ERR418636,PRJEB5261
C00003330,1,0,0,0,1,1,0,0,0,EBI,PRJNA308283,SAMEA2340154,ERR418637,PRJEB5261
C00003332,0,0,0,0,0,0,0,0,0,EBI,PRJNA308283,SAMEA2340155,ERR418638,PRJEB5261
C00003333,1,1,0,0,1,1,0,0,0,EBI,PRJNA308283,SAMEA2340156,ERR418639,PRJEB5261
C00003334,0,0,0,0,0,0,0,0,0,EBI,PRJNA308283,SAMEA2340157,ERR418640,PRJEB5261
C00003335,0,0,0,0,0,1,0,0,0,EBI,PRJNA308283,SAMEA2340158,ERR418641,PRJEB5261
C00003336,0,0,0,0,0,1,0,0,0,EBI,PRJNA308283,SAMEA2340159,ERR418642,PRJEB5261
C00003337,0,0,0,0,0,1,0,0,0,EBI,PRJNA308283,SAMEA2340160,ERR418643,PRJEB5261
C00003338,0,0,0,0,0,0,0,0,0,EBI,PRJNA308283,SAMEA2340161,ERR418644,PRJEB5261
C00003339,1,0,0,0,0,1,0,0,0,EBI,PRJNA308283,SAMEA2340162,ERR418645,PRJEB5261
C00003340,0,0,1,0,0,1,0,0,0,EBI,PRJNA308283,SAMEA2340163,ERR418646,PRJEB5261
C00003341,0,0,0,0,0,0,0,0,0,EBI,PRJNA308283,SAMEA2340164,ERR418647,PRJEB5261
C00003343,1,0,0,0,1,1,0,0,0,EBI,PRJNA308283,SAMEA2340165,ERR418648,PRJEB5261
C00003344,0,0,0,0,0,0,0,0,0,EBI,PRJNA308283,SAMEA2340166,ERR418649,PRJEB5261
C00003345,0,0,0,0,0,1,0,0,0,EBI,PRJNA308283,SAMEA2340167,ERR418650,PRJEB5261
C00003346,0,0,0,0,0,1,0,0,0,EBI,PRJNA308283,SAMEA2340168,ERR418651,PRJEB5261
C00003347,0,0,0,0,0,1,0,0,0,EBI,PRJNA308283,SAMEA2340169,ERR418652,PRJEB5261
C00003348,0,0,0,0,0,1,0,0,0,EBI,PRJNA308283,SAMEA2340170,ERR418653,PRJEB5261
C00003349,0,1,0,0,0,1,0,0,0,EBI,PRJNA308283,SAMEA2340171,ERR418654,PRJEB5261
C00003350,0,0,1,0,0,1,0,0,0,EBI,PRJNA308283,SAMEA2340172,ERR418655,PRJEB5261
C00003351,0,0,1,0,0,1,0,0,0,EBI,PRJNA308283,SAMEA2340173,ERR418656,PRJEB5261
C00003352,0,0,0,0,0,1,0,0,0,EBI,PRJNA308283,SAMEA2340174,ERR418657,PRJEB5261
C00003353,0,0,0,0,0,0,0,0,0,EBI,PRJNA308283,SAMEA2340175,ERR418658,PRJEB5261
C00003354,1,1,0,0,1,1,0,0,0,EBI,PRJNA308283,SAMEA2340176,ERR418659,PRJEB5261
C00003355,0,0,0,0,0,1,0,0,0,EBI,PRJNA308283,SAMEA2340177,ERR418660,PRJEB5261
C00003356,0,0,0,0,0,1,0,0,1,EBI,PRJNA308283,SAMEA2340178,ERR418661,PRJEB5261
C00003357,1,1,0,0,1,1,0,0,0,EBI,PRJNA308283,SAMEA2340179,ERR418662,PRJEB5261
C00003358,0,0,0,0,0,1,0,1,0,EBI,PRJNA308283,SAMEA2340180,ERR418663,PRJEB5261
C00003359,0,0,1,0,0,1,0,1,0,EBI,PRJNA308283,SAMEA2340181,ERR418664,PRJEB5261
C00003360,1,1,0,0,1,1,0,0,0,EBI,PRJNA308283,SAMEA2340182,ERR418665,PRJEB5261
C00003361,0,0,0,0,0,1,0,0,0,EBI,PRJNA308283,SAMEA2340183,ERR418666,PRJEB5261
C00003362,0,0,0,0,0,1,0,0,0,EBI,PRJNA308283,SAMEA2340184,ERR418667,PRJEB5261
C00003363,0,0,0,0,0,1,0,1,0,EBI,PRJNA308283,SAMEA2340185,ERR418668,PRJEB5261
C00003364,0,0,0,0,0,1,0,0,0,EBI,PRJNA308283,SAMEA2340186,ERR418669,PRJEB5261
C00003365,0,0,0,0,0,1,0,0,0,EBI,PRJNA308283,SAMEA2340187,ERR418670,PRJEB5261
C00003366,0,0,0,0,0,1,0,0,0,EBI,PRJNA308283,SAMEA2340188,ERR418671,PRJEB5261
C00003367,0,0,0,0,0,0,0,0,0,EBI,PRJNA308283,SAMEA2340189,ERR418672,PRJEB5261
C00003368,0,0,0,0,0,0,0,0,0,EBI,PRJNA308283,SAMEA2340190,ERR418673,PRJEB5261
C00003369,0,0,0,0,0,1,0,0,0,EBI,PRJNA308283,SAMEA2340191,ERR418674,PRJEB5261
C00003370,0,0,0,0,0,1,0,0,0,EBI,PRJNA308283,SAMEA2340192,ERR418675,PRJEB5261
C00003371,1,0,0,0,1,1,0,0,0,EBI,PRJNA308283,SAMEA2340193,ERR418676,PRJEB5261
C00003372,0,0,0,0,0,0,0,0,0,EBI,PRJNA308283,SAMEA2340194,ERR418677,PRJEB5261
C00003373,0,0,0,0,0,1,0,0,0,EBI,PRJNA308283,SAMEA2340195,ERR418678,PRJEB5261
C00003374,0,0,0,0,0,1,0,0,0,EBI,PRJNA308283,SAMEA2340196,ERR418679,PRJEB5261
C00003375,0,0,0,0,0,1,0,0,1,EBI,PRJNA308283,SAMEA2340197,ERR418680,PRJEB5261
C00003376,0,0,0,0,0,0,0,0,1,EBI,PRJNA308283,SAMEA2340198,ERR418681,PRJEB5261
C00003377,0,0,0,0,0,1,0,0,1,EBI,PRJNA308283,SAMEA2340199,ERR418682,PRJEB5261
C00003378,0,0,0,0,0,1,0,0,0,EBI,PRJNA308283,SAMEA2340200,ERR418683,PRJEB5261
C00003379,1,0,0,0,1,1,0,0,0,EBI,PRJNA308283,SAMEA2340201,ERR418684,PRJEB5261
C00003380,0,0,0,0,0,1,0,0,0,EBI,PRJNA308283,SAMEA2340202,ERR418685,PRJEB5261
C00003381,1,0,0,0,1,1,0,0,0,EBI,PRJNA308283,SAMEA2340203,ERR418686,PRJEB5261
C00003382,1,1,0,0,1,1,0,0,0,EBI,PRJNA308283,SAMEA2340204,ERR418687,PRJEB5261
C00003383,0,0,0,0,0,1,0,0,0,EBI,PRJNA308283,SAMEA2340205,ERR418688,PRJEB5261
C00003384,0,0,0,0,0,1,0,0,0,EBI,PRJNA308283,SAMEA2340206,ERR418689,PRJEB5261
C00003385,0,0,0,0,0,0,0,0,0,EBI,PRJNA308283,SAMEA2340207,ERR418690,PRJEB5261
C00003386,0,1,0,0,1,1,0,0,1,EBI,PRJNA308283,SAMEA2340208,ERR418691,PRJEB5261
C00003387,0,0,0,0,0,1,0,0,0,EBI,PRJNA308283,SAMEA2340209,ERR418692,PRJEB5261
C00003388,0,0,1,0,0,1,0,0,0,EBI,PRJNA308283,SAMEA2340210,ERR418693,PRJEB5261
C00003389,0,0,0,0,0,1,0,0,0,EBI,PRJNA308283,SAMEA2340211,ERR418694,PRJEB5261
C00003390,0,0,0,0,0,1,0,0,0,EBI,PRJNA308283,SAMEA2340212,ERR418695,PRJEB5261
C00003391,0,0,0,0,0,1,0,0,0,EBI,PRJNA308283,SAMEA2340213,ERR418696,PRJEB5261
C00003392,0,0,0,0,0,1,0,0,0,EBI,PRJNA308283,SAMEA2340214,ERR418697,PRJEB5261
C00003393,1,0,0,0,1,1,0,0,0,EBI,PRJNA308283,SAMEA2340215,ERR418698,PRJEB5261
C00003394,0,0,0,0,0,1,0,0,0,EBI,PRJNA308283,SAMEA2340216,ERR418699,PRJEB5261
C00003395,0,1,0,0,1,1,0,0,0,EBI,PRJNA308283,SAMEA2340217,ERR418700,PRJEB5261
C00003396,0,0,0,0,0,1,0,0,1,EBI,PRJNA308283,SAMEA2340218,ERR418701,PRJEB5261
C00003397,0,0,1,0,0,1,0,0,0,EBI,PRJNA308283,SAMEA2340219,ERR418702,PRJEB5261
C00003398,0,0,0,0,0,0,0,0,0,EBI,PRJNA308283,SAMEA2340220,ERR418703,PRJEB5261
C00003399,0,0,0,0,0,1,0,0,0,EBI,PRJNA308283,SAMEA2340221,ERR418704,PRJEB5261
C00003400,0,0,0,0,0,0,0,0,0,EBI,PRJNA308283,SAMEA2340222,ERR418705,PRJEB5261
C00003402,0,0,0,0,0,1,0,0,0,EBI,PRJNA308283,SAMEA2340223,ERR418706,PRJEB5261
C00003403,0,0,0,0,0,1,0,0,0,EBI,PRJNA308283,SAMEA2340224,ERR418707,PRJEB5261
C00003404,0,0,0,0,0,1,0,0,1,EBI,PRJNA308283,SAMEA2340225,ERR418708,PRJEB5261
C00003405,1,0,0,0,1,1,0,0,0,EBI,PRJNA308283,SAMEA2340226,ERR418709,PRJEB5261
C00003406,1,1,0,0,1,1,0,0,0,EBI,PRJNA308283,SAMEA2340227,ERR418710,PRJEB5261
C00003407,1,0,0,0,1,1,0,0,0,EBI,PRJNA308283,SAMEA2340228,ERR418711,PRJEB5261
C00003408,0,0,0,0,0,1,0,0,0,EBI,PRJNA308283,SAMEA2340229,ERR418712,PRJEB5261
C00003409,0,0,0,0,0,0,0,0,0,EBI,PRJNA308283,SAMEA2340230,ERR418713,PRJEB5261
C00003410,1,0,0,0,1,1,0,0,0,EBI,PRJNA308283,SAMEA2340231,ERR418714,PRJEB5261
C00003411,1,1,0,0,1,1,0,0,0,EBI,PRJNA308283,SAMEA2340232,ERR418715,PRJEB5261
C00003412,0,0,0,0,0,1,0,0,0,EBI,PRJNA308283,SAMEA2340233,ERR418716,PRJEB5261
C00003413,1,0,0,0,0,1,0,0,0,EBI,PRJNA308283,SAMEA2340234,ERR418717,PRJEB5261
C00003414,1,1,0,0,0,1,0,0,0,EBI,PRJNA308283,SAMEA2340235,ERR418718,PRJEB5261
C00003415,0,0,0,0,0,1,0,0,0,EBI,PRJNA308283,SAMEA2340236,ERR418719,PRJEB5261
C00003417,0,0,0,0,0,1,0,0,0,EBI,PRJNA308283,SAMEA2340237,ERR418720,PRJEB5261
C00003418,0,0,0,0,0,1,0,0,0,EBI,PRJNA308283,SAMEA2340238,ERR418721,PRJEB5261
C00003419,0,0,0,0,0,1,0,0,0,EBI,PRJNA308283,SAMEA2340239,ERR418722,PRJEB5261
C00003420,0,1,1,0,0,1,0,1,0,EBI,PRJNA308283,SAMEA2340240,ERR418723,PRJEB5261
C00003421,0,0,0,0,0,1,0,0,0,EBI,PRJNA308283,SAMEA2340241,ERR418724,PRJEB5261
C00003422,0,0,0,0,0,1,0,0,0,EBI,PRJNA308283,SAMEA2340242,ERR418725,PRJEB5261
C00003423,1,0,0,0,1,1,0,0,0,EBI,PRJNA308283,SAMEA2340243,ERR418726,PRJEB5261
C00003424,0,0,0,0,0,1,0,0,0,EBI,PRJNA308283,SAMEA2340244,ERR418727,PRJEB5261
C00003425,0,0,0,0,0,1,0,0,0,EBI,PRJNA308283,SAMEA2340245,ERR418728,PRJEB5261
C00007061,0,0,0,0,0,1,0,0,-,EBI,PRJNA308283,SAMEA2340246,ERR418729,PRJEB5261
C00007062,0,0,0,0,1,1,0,1,-,EBI,PRJNA308283,SAMEA2340247,ERR418730,PRJEB5261
C00007063,0,0,0,0,0,1,0,0,-,EBI,PRJNA308283,SAMEA2340248,ERR418731,PRJEB5261
C00007064,1,1,0,0,1,1,0,0,-,EBI,PRJNA308283,SAMEA2340249,ERR418732,PRJEB5261
C00007065,0,0,0,0,0,1,0,0,-,EBI,PRJNA308283,SAMEA2340250,ERR418733,PRJEB5261
C00007066,1,1,0,0,1,1,0,0,-,EBI,PRJNA308283,SAMEA2340251,ERR418734,PRJEB5261
C00007067,1,1,0,0,1,1,0,0,-,EBI,PRJNA308283,SAMEA2340252,ERR418735,PRJEB5261
C00007068,0,0,0,0,0,1,0,1,-,EBI,PRJNA308283,SAMEA2340253,ERR418736,PRJEB5261
C00007069,0,0,0,0,1,1,0,1,-,EBI,PRJNA308283,SAMEA2340254,ERR418737,PRJEB5261
C00007070,0,0,0,0,0,1,0,0,-,EBI,PRJNA308283,SAMEA2340255,ERR418738,PRJEB5261
C00007071,0,0,0,0,0,1,0,0,-,EBI,PRJNA308283,SAMEA2340256,ERR418739,PRJEB5261
C00007072,0,0,0,0,0,1,0,0,-,EBI,PRJNA308283,SAMEA2340257,ERR418740,PRJEB5261
C00007073,0,0,0,0,0,1,0,0,-,EBI,PRJNA308283,SAMEA2340258,ERR418741,PRJEB5261
C00007074,1,1,0,0,1,1,0,0,-,EBI,PRJNA308283,SAMEA2340259,ERR418742,PRJEB5261
C00007075,0,0,0,0,0,1,0,0,-,EBI,PRJNA308283,SAMEA2340260,ERR418743,PRJEB5261
C00007076,0,0,0,0,0,1,0,0,-,EBI,PRJNA308283,SAMEA2340261,ERR418744,PRJEB5261
C00007077,1,1,0,0,1,1,0,0,-,EBI,PRJNA308283,SAMEA2340262,ERR418745,PRJEB5261
C00007078,0,0,0,0,0,1,0,0,-,EBI,PRJNA308283,SAMEA2340263,ERR418746,PRJEB5261
C00007079,1,0,0,0,1,1,0,0,-,EBI,PRJNA308283,SAMEA2340264,ERR418747,PRJEB5261
C00007080,0,0,0,0,0,1,0,0,-,EBI,PRJNA308283,SAMEA2340265,ERR418748,PRJEB5261
C00007081,0,0,0,0,0,1,0,0,-,EBI,PRJNA308283,SAMEA2340266,ERR418749,PRJEB5261
C00007082,1,1,0,0,1,1,0,0,-,EBI,PRJNA308283,SAMEA2340267,ERR418750,PRJEB5261
C00007083,1,1,0,1,1,1,0,0,-,EBI,PRJNA308283,SAMEA2340268,ERR418751,PRJEB5261
C00007085,0,0,0,0,0,1,0,1,-,EBI,PRJNA308283,SAMEA2340269,ERR418752,PRJEB5261
C00007086,1,1,0,0,1,1,0,0,-,EBI,PRJNA308283,SAMEA2340270,ERR418753,PRJEB5261
C00007087,0,0,0,0,0,0,0,0,-,EBI,PRJNA308283,SAMEA2340271,ERR418754,PRJEB5261
C00007089,1,1,0,0,1,1,0,0,-,EBI,PRJNA308283,SAMEA2340272,ERR418755,PRJEB5261
C00007091,0,0,0,0,0,1,0,0,-,EBI,PRJNA308283,SAMEA2340273,ERR418756,PRJEB5261
C00007092,0,0,1,0,0,0,0,0,-,EBI,PRJNA308283,SAMEA2340274,ERR418757,PRJEB5261
C00007093,1,0,0,0,1,1,0,0,-,EBI,PRJNA308283,SAMEA2340275,ERR418758,PRJEB5261
C00007094,0,0,0,0,0,1,0,0,-,EBI,PRJNA308283,SAMEA2340276,ERR418759,PRJEB5261
C00007095,0,0,0,0,0,1,0,0,-,EBI,PRJNA308283,SAMEA2340277,ERR418760,PRJEB5261
C00007096,1,0,1,0,1,1,0,0,-,EBI,PRJNA308283,SAMEA2340278,ERR418761,PRJEB5261
C00007097,0,1,0,0,0,1,0,1,-,EBI,PRJNA308283,SAMEA2340279,ERR418762,PRJEB5261
C00007098,1,0,0,0,1,1,0,0,-,EBI,PRJNA308283,SAMEA2340280,ERR418763,PRJEB5261
C00007099,0,0,0,0,0,1,0,0,-,EBI,PRJNA308283,SAMEA2340281,ERR418764,PRJEB5261
C00007100,0,0,0,0,0,0,0,0,-,EBI,PRJNA308283,SAMEA2340282,ERR418765,PRJEB5261
C00007101,1,1,0,0,1,1,0,0,-,EBI,PRJNA308283,SAMEA2340283,ERR418766,PRJEB5261
C00007102,0,1,0,0,1,1,0,1,-,EBI,PRJNA308283,SAMEA2340284,ERR418767,PRJEB5261
C00007103,0,0,0,0,0,1,0,0,-,EBI,PRJNA308283,SAMEA2340285,ERR418768,PRJEB5261
C00007104,0,0,0,0,0,0,0,0,-,EBI,PRJNA308283,SAMEA2340286,ERR418769,PRJEB5261
C00007105,1,1,0,0,0,1,0,0,-,EBI,PRJNA308283,SAMEA2340287,ERR418770,PRJEB5261
C00007106,1,1,0,0,1,1,0,0,-,EBI,PRJNA308283,SAMEA2340288,ERR418771,PRJEB5261
C00007107,0,0,0,0,0,1,0,0,-,EBI,PRJNA308283,SAMEA2340289,ERR418772,PRJEB5261
C00007108,0,0,0,0,0,1,0,0,-,EBI,PRJNA308283,SAMEA2340290,ERR418773,PRJEB5261
C00007109,1,1,0,0,1,1,0,0,-,EBI,PRJNA308283,SAMEA2340291,ERR418774,PRJEB5261
C00007110,0,1,0,0,0,1,0,0,-,EBI,PRJNA308283,SAMEA2340292,ERR418775,PRJEB5261
C00007111,0,0,1,0,0,1,0,0,-,EBI,PRJNA308283,SAMEA2340293,ERR418776,PRJEB5261
C00007112,0,0,0,0,0,1,0,0,-,EBI,PRJNA308283,SAMEA2340294,ERR418777,PRJEB5261
C00007113,0,0,0,0,0,1,0,0,-,EBI,PRJNA308283,SAMEA2340295,ERR418778,PRJEB5261
C00007114,1,1,0,0,1,1,0,0,-,EBI,PRJNA308283,SAMEA2340296,ERR418779,PRJEB5261
C00007116,1,1,0,0,1,1,0,0,-,EBI,PRJNA308283,SAMEA2340297,ERR418780,PRJEB5261
C00008625,0,0,0,0,0,1,0,0,-,EBI,PRJNA308283,SAMEA2340298,ERR418781,PRJEB5261
C00008626,0,0,0,0,0,1,0,0,-,EBI,PRJNA308283,SAMEA2340299,ERR418782,PRJEB5261
C00008627,0,0,0,0,0,1,0,0,-,EBI,PRJNA308283,SAMEA2340300,ERR418783,PRJEB5261
C00008628,0,0,0,0,0,1,0,0,-,EBI,PRJNA308283,SAMEA2340301,ERR418784,PRJEB5261
C00008629,1,1,0,0,1,1,0,0,-,EBI,PRJNA308283,SAMEA2340302,ERR418785,PRJEB5261
C00008630,0,0,0,0,0,1,0,0,-,EBI,PRJNA308283,SAMEA2340303,ERR418786,PRJEB5261
C00008632,0,0,1,0,0,1,0,0,-,EBI,PRJNA308283,SAMEA2340304,ERR418787,PRJEB5261
C00008633,0,0,0,0,0,1,0,0,-,EBI,PRJNA308283,SAMEA2340305,ERR418788,PRJEB5261
C00008635,0,0,0,0,0,1,0,0,-,EBI,PRJNA308283,SAMEA2340306,ERR418789,PRJEB5261
C00008636,0,0,1,0,0,1,0,0,-,EBI,PRJNA308283,SAMEA2340307,ERR418790,PRJEB5261
C00008637,1,1,0,0,1,1,0,0,-,EBI,PRJNA308283,SAMEA2340308,ERR418791,PRJEB5261
C00008638,1,0,0,0,1,1,0,0,-,EBI,PRJNA308283,SAMEA2340309,ERR418792,PRJEB5261
C00008946,0,0,0,0,0,1,0,0,-,EBI,PRJNA308283,SAMEA2340310,ERR418793,PRJEB5261
C00008947,1,1,0,0,1,1,0,0,-,EBI,PRJNA308283,SAMEA2340311,ERR418794,PRJEB5261
C00008948,1,1,0,0,1,1,0,0,-,EBI,PRJNA308283,SAMEA2340312,ERR418795,PRJEB5261
C00008949,0,0,0,0,0,1,0,0,-,EBI,PRJNA308283,SAMEA2340313,ERR418796,PRJEB5261
C00008958,0,0,1,0,0,1,0,0,-,EBI,PRJNA308283,SAMEA2340314,ERR418797,PRJEB5261
C00008959,1,1,0,0,0,1,0,0,-,EBI,PRJNA308283,SAMEA2340315,ERR418798,PRJEB5261
C00008960,1,1,0,0,1,1,0,0,-,EBI,PRJNA308283,SAMEA2340316,ERR418799,PRJEB5261
C00008970,1,1,0,0,1,1,0,0,-,EBI,PRJNA308283,SAMEA2340317,ERR418800,PRJEB5261
C00008971,0,0,0,0,0,1,0,0,-,EBI,PRJNA308283,SAMEA2340318,ERR418801,PRJEB5261
C00008972,1,1,0,0,1,1,0,0,-,EBI,PRJNA308283,SAMEA2340319,ERR418802,PRJEB5261
C00008973,0,0,0,0,0,1,0,0,-,EBI,PRJNA308283,SAMEA2340320,ERR418803,PRJEB5261
C00008982,1,1,0,0,1,1,0,1,-,EBI,PRJNA308283,SAMEA2340321,ERR418804,PRJEB5261
C00008984,1,0,0,0,1,1,0,0,-,EBI,PRJNA308283,SAMEA2340322,ERR418805,PRJEB5261
C00008985,0,0,0,0,0,1,0,0,-,EBI,PRJNA308283,SAMEA2340323,ERR418806,PRJEB5261
C00008994,1,1,0,0,1,1,0,0,-,EBI,PRJNA308283,SAMEA2340324,ERR418807,PRJEB5261
C00008996,0,0,0,0,0,1,0,0,-,EBI,PRJNA308283,SAMEA2340325,ERR418808,PRJEB5261
C00008997,1,1,0,0,0,1,0,0,-,EBI,PRJNA308283,SAMEA2340326,ERR418809,PRJEB5261
C00009006,0,0,0,0,0,1,0,0,-,EBI,PRJNA308283,SAMEA2340327,ERR418810,PRJEB5261
C00009008,0,0,1,0,0,1,0,0,-,EBI,PRJNA308283,SAMEA2340328,ERR418811,PRJEB5261
C00009017,0,0,0,0,0,1,0,0,-,EBI,PRJNA308283,SAMEA2340329,ERR418812,PRJEB5261
C00009018,1,0,0,0,1,1,0,0,-,EBI,PRJNA308283,SAMEA2340330,ERR418813,PRJEB5261
C00009020,0,0,0,0,0,1,0,0,-,EBI,PRJNA308283,SAMEA2340331,ERR418814,PRJEB5261
C00009021,1,0,0,0,0,1,0,0,-,EBI,PRJNA308283,SAMEA2340332,ERR418815,PRJEB5261
C00009029,1,0,0,0,1,1,0,0,-,EBI,PRJNA308283,SAMEA2340333,ERR418816,PRJEB5261
C00009030,0,0,1,0,0,1,0,0,-,EBI,PRJNA308283,SAMEA2340334,ERR418817,PRJEB5261
C00009033,1,0,0,0,0,1,0,0,-,EBI,PRJNA308283,SAMEA2340335,ERR418818,PRJEB5261
C00001075,0,0,0,0,0,1,0,0,-,EBI,PRJNA308283,SAMEA2335069,ERR410034,PRJEB5225
C00001076,0,1,0,0,0,0,0,0,-,EBI,PRJNA308283,SAMEA2335070,ERR410035,PRJEB5225
C00001077,0,0,0,0,0,0,0,0,-,EBI,PRJNA308283,SAMEA2335071,ERR410036,PRJEB5225
C00001078,0,0,0,0,0,0,0,0,-,EBI,PRJNA308283,SAMEA2335072,ERR410037,PRJEB5225
C00001079,0,0,0,0,0,1,0,1,-,EBI,PRJNA308283,SAMEA2335073,ERR410038,PRJEB5225
C00001080,0,0,0,0,0,0,0,0,-,EBI,PRJNA308283,SAMEA2335074,ERR410039,PRJEB5225
C00001081,0,0,0,0,0,1,0,1,-,EBI,PRJNA308283,SAMEA2335075,ERR410040,PRJEB5225
C00001082,0,0,0,0,0,1,0,0,-,EBI,PRJNA308283,SAMEA2335076,ERR410041,PRJEB5225
C00001083,0,0,0,0,0,0,0,0,-,EBI,PRJNA308283,SAMEA2335077,ERR410042,PRJEB5225
C00001084,0,0,0,0,0,0,0,0,-,EBI,PRJNA308283,SAMEA2335078,ERR410043,PRJEB5225
C00001085,0,0,0,0,0,0,0,0,-,EBI,PRJNA308283,SAMEA2335079,ERR410044,PRJEB5225
C00001086,0,0,0,0,0,0,0,0,-,EBI,PRJNA308283,SAMEA2335080,ERR410045,PRJEB5225
C00001087,0,0,0,0,0,1,0,0,-,EBI,PRJNA308283,SAMEA2335081,ERR410046,PRJEB5225
C00001088,0,0,0,0,0,0,0,0,-,EBI,PRJNA308283,SAMEA2335082,ERR410047,PRJEB5225
C00001089,0,0,0,0,0,1,0,0,-,EBI,PRJNA308283,SAMEA2335083,ERR410048,PRJEB5225
C00001090,0,0,0,0,0,1,0,0,-,EBI,PRJNA308283,SAMEA2335084,ERR410049,PRJEB5225
C00001091,0,0,0,0,0,1,0,0,-,EBI,PRJNA308283,SAMEA2335085,ERR410050,PRJEB5225
C00001092,1,0,0,0,0,0,0,0,-,EBI,PRJNA308283,SAMEA2335086,ERR410051,PRJEB5225
C00001093,0,0,0,0,0,0,0,0,-,EBI,PRJNA308283,SAMEA2335087,ERR410052,PRJEB5225
C00001094,0,0,0,0,0,1,0,0,-,EBI,PRJNA308283,SAMEA2335088,ERR410053,PRJEB5225
C00001096,0,0,0,0,0,1,0,0,-,EBI,PRJNA308283,SAMEA2335090,ERR410055,PRJEB5225
C00001097,0,0,0,0,0,1,0,0,-,EBI,PRJNA308283,SAMEA2335091,ERR410056,PRJEB5225
C00001098,0,0,0,0,0,1,0,0,-,EBI,PRJNA308283,SAMEA2335092,ERR410057,PRJEB5225
C00001099,0,0,0,0,0,0,0,0,-,EBI,PRJNA308283,SAMEA2335093,ERR410058,PRJEB5225
C00001100,0,0,0,0,0,1,0,0,-,EBI,PRJNA308283,SAMEA2335094,ERR410059,PRJEB5225
C00001101,0,0,1,0,0,1,0,0,-,EBI,PRJNA308283,SAMEA2335095,ERR410060,PRJEB5225
C00001102,0,0,0,0,0,1,0,0,-,EBI,PRJNA308283,SAMEA2335096,ERR410061,PRJEB5225
C00001103,0,0,0,0,0,1,0,0,-,EBI,PRJNA308283,SAMEA2335097,ERR410062,PRJEB5225
C00001104,0,0,0,0,0,0,0,0,-,EBI,PRJNA308283,SAMEA2335098,ERR410063,PRJEB5225
C00001105,1,0,0,0,0,0,0,0,-,EBI,PRJNA308283,SAMEA2335099,ERR410064,PRJEB5225
C00001106,0,0,0,0,0,0,0,0,-,EBI,PRJNA308283,SAMEA2335100,ERR410065,PRJEB5225
C00001107,0,0,0,0,0,1,0,0,-,EBI,PRJNA308283,SAMEA2335101,ERR410066,PRJEB5225
C00001108,0,0,0,0,0,1,0,0,-,EBI,PRJNA308283,SAMEA2335102,ERR410067,PRJEB5225
C00001109,1,0,0,0,0,0,0,0,-,EBI,PRJNA308283,SAMEA2335103,ERR410068,PRJEB5225
C00001110,0,0,1,0,0,1,0,0,-,EBI,PRJNA308283,SAMEA2335104,ERR410069,PRJEB5225
C00001111,0,0,0,0,0,0,0,0,-,EBI,PRJNA308283,SAMEA2335105,ERR410070,PRJEB5225
C00001112,0,0,0,0,0,0,0,0,-,EBI,PRJNA308283,SAMEA2335106,ERR410071,PRJEB5225
C00001113,0,0,0,0,0,1,0,0,-,EBI,PRJNA308283,SAMEA2335107,ERR410072,PRJEB5225
C00001114,0,0,1,0,0,1,0,0,-,EBI,PRJNA308283,SAMEA2335108,ERR410073,PRJEB5225
C00001115,1,0,0,1,1,1,0,0,-,EBI,PRJNA308283,SAMEA2335109,ERR410074,PRJEB5225
C00001116,0,0,0,0,0,1,0,0,-,EBI,PRJNA308283,SAMEA2335110,ERR410075,PRJEB5225
C00001117,0,0,0,0,0,1,0,0,-,EBI,PRJNA308283,SAMEA2335111,ERR410076,PRJEB5225
C00001118,0,0,0,0,0,1,0,0,-,EBI,PRJNA308283,SAMEA2335112,ERR410077,PRJEB5225
C00001119,0,0,0,0,0,1,0,0,-,EBI,PRJNA308283,SAMEA2335113,ERR410078,PRJEB5225
C00001120,0,0,0,0,0,1,0,0,-,EBI,PRJNA308283,SAMEA2335114,ERR410079,PRJEB5225
C00001121,1,0,0,0,0,1,0,0,-,EBI,PRJNA308283,SAMEA2335115,ERR410080,PRJEB5225
C00001122,0,0,0,0,0,1,0,0,-,EBI,PRJNA308283,SAMEA2335116,ERR410081,PRJEB5225
C00001123,0,0,0,0,0,1,0,1,-,EBI,PRJNA308283,SAMEA2335117,ERR410082,PRJEB5225
C00001124,0,0,0,0,0,0,0,0,-,EBI,PRJNA308283,SAMEA2335118,ERR410083,PRJEB5225
C00001126,0,0,0,0,0,1,0,0,-,EBI,PRJNA308283,SAMEA2335120,ERR410085,PRJEB5225
C00001127,0,0,0,0,0,0,0,0,-,EBI,PRJNA308283,SAMEA2335121,ERR410086,PRJEB5225
C00001128,0,0,0,0,0,0,0,0,-,EBI,PRJNA308283,SAMEA2335122,ERR410087,PRJEB5225
C00001129,0,0,0,0,0,1,0,0,-,EBI,PRJNA308283,SAMEA2335123,ERR410088,PRJEB5225
C00001130,0,0,0,0,0,1,0,0,-,EBI,PRJNA308283,SAMEA2335124,ERR410089,PRJEB5225
C00001131,0,0,0,0,0,1,0,0,-,EBI,PRJNA308283,SAMEA2335125,ERR410090,PRJEB5225
C00001132,0,0,0,0,0,1,0,0,-,EBI,PRJNA308283,SAMEA2335126,ERR410091,PRJEB5225
C00001133,0,0,0,0,0,0,0,0,-,EBI,PRJNA308283,SAMEA2335127,ERR410092,PRJEB5225
C00001134,0,0,0,0,0,0,0,0,-,EBI,PRJNA308283,SAMEA2335128,ERR410093,PRJEB5225
C00001135,0,0,0,0,0,1,0,0,-,EBI,PRJNA308283,SAMEA2335129,ERR410094,PRJEB5225
C00001136,0,0,0,0,0,0,0,0,-,EBI,PRJNA308283,SAMEA2335130,ERR410095,PRJEB5225
C00001137,0,0,0,0,0,1,0,0,-,EBI,PRJNA308283,SAMEA2335131,ERR410096,PRJEB5225
C00001138,1,0,0,0,0,1,0,0,-,EBI,PRJNA308283,SAMEA2335132,ERR410097,PRJEB5225
C00001139,1,0,0,0,1,1,0,0,-,EBI,PRJNA308283,SAMEA2335133,ERR410098,PRJEB5225
C00001140,0,0,0,0,0,1,0,0,-,EBI,PRJNA308283,SAMEA2335134,ERR410099,PRJEB5225
C00001141,0,0,0,0,0,1,0,0,-,EBI,PRJNA308283,SAMEA2335135,ERR410100,PRJEB5225
C00001142,0,0,0,0,0,0,0,0,-,EBI,PRJNA308283,SAMEA2335136,ERR410101,PRJEB5225
C00001143,0,0,0,0,0,0,0,0,-,EBI,PRJNA308283,SAMEA2335137,ERR410102,PRJEB5225
C00001144,0,0,0,0,0,0,0,0,-,EBI,PRJNA308283,SAMEA2335138,ERR410103,PRJEB5225
C00001145,0,0,0,0,0,1,0,0,-,EBI,PRJNA308283,SAMEA2335139,ERR410104,PRJEB5225
C00001146,0,0,0,0,0,1,0,0,-,EBI,PRJNA308283,SAMEA2335140,ERR410105,PRJEB5225
C00001147,0,1,0,0,0,1,0,0,-,EBI,PRJNA308283,SAMEA2335141,ERR410106,PRJEB5225
C00001148,0,0,1,0,0,0,0,0,-,EBI,PRJNA308283,SAMEA2335142,ERR410107,PRJEB5225
C00001149,0,0,0,0,0,0,0,0,-,EBI,PRJNA308283,SAMEA2335143,ERR410108,PRJEB5225
C00001150,0,1,0,0,0,1,0,0,-,EBI,PRJNA308283,SAMEA2335144,ERR410109,PRJEB5225
C00001151,0,0,0,0,0,1,0,0,-,EBI,PRJNA308283,SAMEA2335145,ERR410110,PRJEB5225
C00001152,0,0,0,0,0,1,0,0,-,EBI,PRJNA308283,SAMEA2335146,ERR410111,PRJEB5225
C00001153,0,0,0,0,0,1,0,1,-,EBI,PRJNA308283,SAMEA2335147,ERR410112,PRJEB5225
C00001154,0,0,0,0,0,1,0,0,-,EBI,PRJNA308283,SAMEA2335148,ERR410113,PRJEB5225
C00001155,0,0,0,0,0,1,0,0,-,EBI,PRJNA308283,SAMEA2335149,ERR410114,PRJEB5225
C00001156,0,1,0,0,0,1,0,0,-,EBI,PRJNA308283,SAMEA2335150,ERR410115,PRJEB5225
C00001157,0,0,0,0,0,1,0,0,-,EBI,PRJNA308283,SAMEA2335151,ERR410116,PRJEB5225
C00001158,0,0,0,0,0,0,0,0,-,EBI,PRJNA308283,SAMEA2335152,ERR410117,PRJEB5225
C00001159,0,1,0,0,0,1,0,0,-,EBI,PRJNA308283,SAMEA2335153,ERR410118,PRJEB5225
C00001160,0,0,0,0,0,1,0,0,-,EBI,PRJNA308283,SAMEA2335154,ERR410119,PRJEB5225
C00001161,0,0,0,0,0,1,0,0,-,EBI,PRJNA308283,SAMEA2335155,ERR410120,PRJEB5225
C00001162,1,1,0,0,1,1,0,0,-,EBI,PRJNA308283,SAMEA2335156,ERR410121,PRJEB5225
C00001163,0,0,0,0,0,1,0,0,-,EBI,PRJNA308283,SAMEA2335157,ERR410122,PRJEB5225
C00001164,0,0,1,0,0,0,0,0,-,EBI,PRJNA308283,SAMEA2335158,ERR410123,PRJEB5225
C00001165,0,0,0,0,0,1,0,0,-,EBI,PRJNA308283,SAMEA2335159,ERR410124,PRJEB5225
C00001178,0,0,0,0,0,0,0,0,-,EBI,PRJNA308283,SAMEA2340366,ERR418849,PRJEB5261
C00001179,0,0,0,0,0,0,0,0,-,EBI,PRJNA308283,SAMEA2340367,ERR418850,PRJEB5261
C00001180,0,0,0,0,0,1,0,0,-,EBI,PRJNA308283,SAMEA2340368,ERR418851,PRJEB5261
C00001181,0,0,0,0,0,1,0,0,-,EBI,PRJNA308283,SAMEA2340369,ERR418852,PRJEB5261
C00001182,0,0,0,0,0,0,0,0,-,EBI,PRJNA308283,SAMEA2340370,ERR418853,PRJEB5261
C00001183,0,0,0,0,0,1,0,0,-,EBI,PRJNA308283,SAMEA2340371,ERR418854,PRJEB5261
C00001184,0,0,0,0,0,0,0,0,-,EBI,PRJNA308283,SAMEA2340372,ERR418855,PRJEB5261
C00001185,0,0,0,0,0,1,0,0,-,EBI,PRJNA308283,SAMEA2340373,ERR418856,PRJEB5261
C00001186,0,0,0,0,0,0,0,0,-,EBI,PRJNA308283,SAMEA2340374,ERR418857,PRJEB5261
C00001187,0,0,0,0,0,1,0,0,-,EBI,PRJNA308283,SAMEA2340375,ERR418858,PRJEB5261
C00001188,0,0,0,0,0,1,0,0,-,EBI,PRJNA308283,SAMEA2340376,ERR418859,PRJEB5261
C00001189,0,0,0,0,0,1,0,0,-,EBI,PRJNA308283,SAMEA2340377,ERR418860,PRJEB5261
C00001190,0,0,0,0,0,1,0,0,-,EBI,PRJNA308283,SAMEA2340378,ERR418861,PRJEB5261
C00001191,0,0,0,0,0,1,0,0,-,EBI,PRJNA308283,SAMEA2340379,ERR418862,PRJEB5261
C00001192,0,0,0,0,0,0,0,0,-,EBI,PRJNA308283,SAMEA2340380,ERR418863,PRJEB5261
C00001193,0,0,0,0,0,1,0,0,-,EBI,PRJNA308283,SAMEA2340381,ERR418864,PRJEB5261
C00001194,0,0,0,0,0,0,0,0,-,EBI,PRJNA308283,SAMEA2340382,ERR418865,PRJEB5261
C00001195,0,0,0,0,0,1,0,0,-,EBI,PRJNA308283,SAMEA2340383,ERR418866,PRJEB5261
C00001196,0,0,0,0,0,1,0,0,-,EBI,PRJNA308283,SAMEA2340384,ERR418867,PRJEB5261
C00001197,0,0,0,0,0,1,0,0,-,EBI,PRJNA308283,SAMEA2340385,ERR418868,PRJEB5261
C00001198,0,0,0,0,0,1,0,0,-,EBI,PRJNA308283,SAMEA2340386,ERR418869,PRJEB5261
C00001199,0,0,0,0,0,0,0,0,-,EBI,PRJNA308283,SAMEA2340387,ERR418870,PRJEB5261
C00001200,0,0,0,0,0,1,0,0,-,EBI,PRJNA308283,SAMEA2340388,ERR418871,PRJEB5261
C00001201,1,1,0,0,1,1,0,0,-,EBI,PRJNA308283,SAMEA2340389,ERR418872,PRJEB5261
C00001202,0,0,0,0,0,1,0,0,-,EBI,PRJNA308283,SAMEA2340390,ERR418873,PRJEB5261
C00001203,0,0,0,0,0,0,0,0,-,EBI,PRJNA308283,SAMEA2340391,ERR418874,PRJEB5261
C00001204,0,0,0,0,0,1,0,0,-,EBI,PRJNA308283,SAMEA2340392,ERR418875,PRJEB5261
C00001205,0,0,0,0,0,0,0,0,-,EBI,PRJNA308283,SAMEA2340393,ERR418876,PRJEB5261
C00001206,0,0,0,0,0,1,0,0,-,EBI,PRJNA308283,SAMEA2340394,ERR418877,PRJEB5261
C00001207,0,1,0,0,0,1,0,0,-,EBI,PRJNA308283,SAMEA2340395,ERR418878,PRJEB5261
C00001208,0,0,0,0,0,1,0,0,-,EBI,PRJNA308283,SAMEA2340396,ERR418879,PRJEB5261
C00001209,0,0,0,0,0,1,0,0,-,EBI,PRJNA308283,SAMEA2340397,ERR418880,PRJEB5261
C00001210,0,0,0,0,0,1,0,0,-,EBI,PRJNA308283,SAMEA2340398,ERR418881,PRJEB5261
C00001211,0,0,0,0,0,1,0,0,-,EBI,PRJNA308283,SAMEA2340399,ERR418882,PRJEB5261
C00001212,0,0,0,0,0,1,0,0,-,EBI,PRJNA308283,SAMEA2340400,ERR418883,PRJEB5261
C00001213,0,0,0,0,0,1,0,0,-,EBI,PRJNA308283,SAMEA2340401,ERR418884,PRJEB5261
C00001214,0,0,0,0,0,1,0,0,-,EBI,PRJNA308283,SAMEA2340402,ERR418885,PRJEB5261
C00001215,0,0,0,0,0,1,0,0,-,EBI,PRJNA308283,SAMEA2340403,ERR418886,PRJEB5261
C00001216,0,0,0,0,0,1,0,0,-,EBI,PRJNA308283,SAMEA2340404,ERR418887,PRJEB5261
C00001217,0,0,0,0,0,0,0,0,-,EBI,PRJNA308283,SAMEA2340405,ERR418888,PRJEB5261
C00001218,0,0,0,0,0,1,0,0,-,EBI,PRJNA308283,SAMEA2340406,ERR418889,PRJEB5261
C00001219,1,1,0,0,1,1,0,0,-,EBI,PRJNA308283,SAMEA2340407,ERR418890,PRJEB5261
C00001220,1,1,0,0,1,1,0,0,-,EBI,PRJNA308283,SAMEA2340408,ERR418891,PRJEB5261
C00001221,1,1,0,0,1,1,0,0,-,EBI,PRJNA308283,SAMEA2340409,ERR418892,PRJEB5261
C00001222,1,0,0,0,0,1,0,0,-,EBI,PRJNA308283,SAMEA2340410,ERR418893,PRJEB5261
C00001223,1,1,0,0,1,1,0,0,-,EBI,PRJNA308283,SAMEA2340411,ERR418894,PRJEB5261
C00001224,1,1,0,0,1,1,0,0,-,EBI,PRJNA308283,SAMEA2340412,ERR418895,PRJEB5261
C00001225,1,1,0,0,1,1,0,0,-,EBI,PRJNA308283,SAMEA2340413,ERR418896,PRJEB5261
C00001226,1,1,0,0,1,1,0,0,-,EBI,PRJNA308283,SAMEA2340414,ERR418897,PRJEB5261
C00001227,1,1,0,0,1,1,0,0,-,EBI,PRJNA308283,SAMEA2340415,ERR418898,PRJEB5261
C00001228,1,1,0,0,1,1,0,0,-,EBI,PRJNA308283,SAMEA2340416,ERR418899,PRJEB5261
C00001229,1,0,0,0,1,1,0,0,-,EBI,PRJNA308283,SAMEA2340417,ERR418900,PRJEB5261
C00001230,1,1,0,0,1,1,0,0,-,EBI,PRJNA308283,SAMEA2340418,ERR418901,PRJEB5261
C00001231,1,0,0,0,0,0,0,0,-,EBI,PRJNA308283,SAMEA2340419,ERR418902,PRJEB5261
C00001232,1,0,0,0,1,1,0,0,-,EBI,PRJNA308283,SAMEA2340420,ERR418903,PRJEB5261
C00001233,1,0,0,0,1,1,0,0,-,EBI,PRJNA308283,SAMEA2340421,ERR418904,PRJEB5261
C00001234,1,1,0,0,1,1,0,0,-,EBI,PRJNA308283,SAMEA2340422,ERR418905,PRJEB5261
C00001235,1,0,1,0,1,1,0,0,-,EBI,PRJNA308283,SAMEA2340423,ERR418906,PRJEB5261
C00001236,1,0,0,0,1,1,0,0,-,EBI,PRJNA308283,SAMEA2340424,ERR418907,PRJEB5261
C00001237,1,1,0,0,1,1,0,0,-,EBI,PRJNA308283,SAMEA2340425,ERR418908,PRJEB5261
C00001238,1,0,0,0,0,1,0,0,-,EBI,PRJNA308283,SAMEA2340426,ERR418909,PRJEB5261
C00001239,1,0,0,0,1,1,0,0,-,EBI,PRJNA308283,SAMEA2340427,ERR418910,PRJEB5261
C00001240,1,0,0,0,1,1,0,0,-,EBI,PRJNA308283,SAMEA2340428,ERR418911,PRJEB5261
C00001241,0,0,0,0,0,0,0,0,-,EBI,PRJNA308283,SAMEA2340429,ERR418912,PRJEB5261
C00001242,0,0,0,0,0,1,0,0,-,EBI,PRJNA308283,SAMEA2340430,ERR418913,PRJEB5261
C00001243,0,0,0,0,0,1,0,0,-,EBI,PRJNA308283,SAMEA2340431,ERR418914,PRJEB5261
C00001244,0,0,1,0,0,1,0,1,-,EBI,PRJNA308283,SAMEA2340432,ERR418915,PRJEB5261
C00001245,0,0,0,0,0,1,0,0,-,EBI,PRJNA308283,SAMEA2340433,ERR418916,PRJEB5261
C00001246,0,0,0,0,0,1,0,0,-,EBI,PRJNA308283,SAMEA2340434,ERR418917,PRJEB5261
C00001247,0,0,0,0,0,1,0,0,-,EBI,PRJNA308283,SAMEA2340435,ERR418918,PRJEB5261
C00001248,0,0,0,0,0,1,0,0,-,EBI,PRJNA308283,SAMEA2340436,ERR418919,PRJEB5261
C00001249,0,0,0,0,0,1,0,0,-,EBI,PRJNA308283,SAMEA2340437,ERR418920,PRJEB5261
C00001250,0,0,0,0,0,1,0,0,-,EBI,PRJNA308283,SAMEA2340438,ERR418921,PRJEB5261
C00001251,0,0,0,0,0,1,0,0,-,EBI,PRJNA308283,SAMEA2340439,ERR418922,PRJEB5261
C00001252,0,0,0,0,0,1,0,0,-,EBI,PRJNA308283,SAMEA2340440,ERR418923,PRJEB5261
C00001253,0,0,0,0,0,1,0,0,-,EBI,PRJNA308283,SAMEA2340441,ERR418924,PRJEB5261
C00001254,0,0,0,0,0,1,0,0,-,EBI,PRJNA308283,SAMEA2340442,ERR418925,PRJEB5261
C00001255,0,0,0,0,0,1,0,0,-,EBI,PRJNA308283,SAMEA2340443,ERR418926,PRJEB5261
C00001256,0,0,0,0,0,1,0,0,-,EBI,PRJNA308283,SAMEA2340444,ERR418927,PRJEB5261
C00001257,0,0,0,0,0,1,0,0,-,EBI,PRJNA308283,SAMEA2340445,ERR418928,PRJEB5261
C00001258,0,0,0,0,0,1,0,0,-,EBI,PRJNA308283,SAMEA2340446,ERR418929,PRJEB5261
C00001259,0,0,1,0,0,1,0,0,-,EBI,PRJNA308283,SAMEA2340447,ERR418930,PRJEB5261
C00001260,0,0,0,0,0,1,0,0,-,EBI,PRJNA308283,SAMEA2340448,ERR418931,PRJEB5261
C00001262,0,0,0,0,0,1,0,0,-,EBI,PRJNA308283,SAMEA2340449,ERR418932,PRJEB5261
C00001263,0,0,0,0,0,1,0,0,-,EBI,PRJNA308283,SAMEA2340450,ERR418933,PRJEB5261
C00001264,0,0,0,0,0,1,0,0,-,EBI,PRJNA308283,SAMEA2340451,ERR418934,PRJEB5261
C00001265,0,0,0,0,0,1,0,0,-,EBI,PRJNA308283,SAMEA2340452,ERR418935,PRJEB5261
C00001266,0,0,0,0,0,0,0,0,-,EBI,PRJNA308283,SAMEA2340453,ERR418936,PRJEB5261
C00001267,0,0,0,0,0,1,0,0,-,EBI,PRJNA308283,SAMEA2340454,ERR418937,PRJEB5261
C00001268,0,0,0,0,0,1,0,0,-,EBI,PRJNA308283,SAMEA2340455,ERR418938,PRJEB5261
C00001269,0,0,0,0,0,1,0,0,-,EBI,PRJNA308283,SAMEA2340456,ERR418939,PRJEB5261
C00001270,0,1,0,0,0,1,0,0,-,EBI,PRJNA308283,SAMEA2340457,ERR418940,PRJEB5261
C00001271,0,1,0,0,0,1,0,0,-,EBI,PRJNA308283,SAMEA2340458,ERR418941,PRJEB5261
C00001272,0,0,0,0,0,1,0,0,-,EBI,PRJNA308283,SAMEA2340459,ERR418942,PRJEB5261
C00001274,0,0,0,0,0,1,0,0,-,EBI,PRJNA308283,SAMEA2335161,ERR410126,PRJEB5225
C00001275,0,0,0,0,0,0,0,0,-,EBI,PRJNA308283,SAMEA2335162,ERR410127,PRJEB5225
C00001276,0,0,1,0,0,1,0,0,-,EBI,PRJNA308283,SAMEA2335163,ERR410128,PRJEB5225
C00001277,0,0,0,0,0,0,0,0,-,EBI,PRJNA308283,SAMEA2335164,ERR410129,PRJEB5225
C00001278,0,0,0,0,0,1,0,0,-,EBI,PRJNA308283,SAMEA2335165,ERR410130,PRJEB5225
C00001279,0,0,0,0,0,1,0,1,-,EBI,PRJNA308283,SAMEA2335166,ERR410131,PRJEB5225
C00001280,1,1,0,0,1,1,0,0,-,EBI,PRJNA308283,SAMEA2335167,ERR410132,PRJEB5225
C00001281,1,1,0,0,1,1,0,0,-,EBI,PRJNA308283,SAMEA2335168,ERR410133,PRJEB5225
C00001282,1,0,0,0,1,1,0,0,-,EBI,PRJNA308283,SAMEA2335169,ERR410134,PRJEB5225
C00001283,0,0,0,0,0,1,0,0,-,EBI,PRJNA308283,SAMEA2335170,ERR410135,PRJEB5225
C00001284,0,0,0,0,0,0,0,0,-,EBI,PRJNA308283,SAMEA2335171,ERR410136,PRJEB5225
C00002619,0,0,0,0,0,1,0,0,-,EBI,PRJNA308283,SAMEA2340460,ERR418943,PRJEB5261
C00002620,0,0,0,0,0,1,0,1,-,EBI,PRJNA308283,SAMEA2340461,ERR418944,PRJEB5261
C00002621,0,0,0,0,0,1,0,0,-,EBI,PRJNA308283,SAMEA2340462,ERR418945,PRJEB5261
C00002622,0,1,0,0,0,1,0,0,-,EBI,PRJNA308283,SAMEA2340463,ERR418946,PRJEB5261
C00002623,1,1,0,0,1,1,0,0,-,EBI,PRJNA308283,SAMEA2340464,ERR418947,PRJEB5261
C00002624,1,1,0,0,1,1,0,0,-,EBI,PRJNA308283,SAMEA2340465,ERR418948,PRJEB5261
C00002625,0,0,0,0,0,1,0,0,-,EBI,PRJNA308283,SAMEA2340466,ERR418949,PRJEB5261
C00002626,1,1,0,0,1,1,0,0,-,EBI,PRJNA308283,SAMEA2340467,ERR418950,PRJEB5261
C00012736,1,1,0,0,1,1,0,0,-,EBI,PRJNA308283,SAMEA2340468,ERR418951,PRJEB5261
C00012737,1,1,0,0,1,1,0,0,-,EBI,PRJNA308283,SAMEA2340469,ERR418952,PRJEB5261
C00012738,1,1,0,1,1,1,0,0,-,EBI,PRJNA308283,SAMEA2340470,ERR418953,PRJEB5261
C00012739,1,1,0,1,1,1,0,0,-,EBI,PRJNA308283,SAMEA2340471,ERR418954,PRJEB5261
C00012740,1,1,0,0,1,1,0,0,-,EBI,PRJNA308283,SAMEA2340472,ERR418955,PRJEB5261
C00012741,0,0,0,0,0,0,0,0,-,EBI,PRJNA308283,SAMEA2340473,ERR418956,PRJEB5261
C00012742,1,1,0,0,1,1,0,0,-,EBI,PRJNA308283,SAMEA2340474,ERR418957,PRJEB5261
C00012743,0,0,0,0,0,1,0,0,-,EBI,PRJNA308283,SAMEA2340475,ERR418958,PRJEB5261
C00012744,1,1,0,0,1,1,0,0,-,EBI,PRJNA308283,SAMEA2340476,ERR418959,PRJEB5261
C00012745,0,0,0,0,0,1,0,0,-,EBI,PRJNA308283,SAMEA2340477,ERR418960,PRJEB5261
C00012746,1,1,0,0,1,1,0,0,-,EBI,PRJNA308283,SAMEA2340478,ERR418961,PRJEB5261
C00012747,0,0,1,0,0,1,0,0,-,EBI,PRJNA308283,SAMEA2340479,ERR418962,PRJEB5261
C00012748,0,0,1,0,0,1,0,0,-,EBI,PRJNA308283,SAMEA2340480,ERR418963,PRJEB5261
C00012749,0,0,0,0,0,0,0,0,-,EBI,PRJNA308283,SAMEA2340481,ERR418964,PRJEB5261
C00012750,0,1,0,0,0,1,0,0,-,EBI,PRJNA308283,SAMEA2340482,ERR418965,PRJEB5261
C00012751,0,0,0,0,0,0,0,0,-,EBI,PRJNA308283,SAMEA2340483,ERR418966,PRJEB5261
C00012752,0,0,0,0,0,1,0,0,-,EBI,PRJNA308283,SAMEA2340484,ERR418967,PRJEB5261
C00012753,0,0,0,0,0,0,0,0,-,EBI,PRJNA308283,SAMEA2340485,ERR418968,PRJEB5261
C00012754,0,0,0,0,0,0,0,0,-,EBI,PRJNA308283,SAMEA2340486,ERR418969,PRJEB5261
C00012755,0,0,0,0,0,0,0,0,-,EBI,PRJNA308283,SAMEA2340487,ERR418970,PRJEB5261
C00012756,1,1,0,0,0,1,0,0,-,EBI,PRJNA308283,SAMEA2340488,ERR418971,PRJEB5261
C00012757,0,0,0,0,0,1,0,0,-,EBI,PRJNA308283,SAMEA2340489,ERR418972,PRJEB5261
C00012758,0,0,0,0,0,0,0,0,-,EBI,PRJNA308283,SAMEA2340490,ERR418973,PRJEB5261
C00012759,1,1,0,0,0,1,0,0,-,EBI,PRJNA308283,SAMEA2340491,ERR418974,PRJEB5261
C00012760,0,0,0,0,0,0,0,0,-,EBI,PRJNA308283,SAMEA2340492,ERR418975,PRJEB5261
C00012761,1,1,0,0,1,1,1,0,-,EBI,PRJNA308283,SAMEA2340493,ERR418976,PRJEB5261
C00012762,0,0,0,0,0,0,0,0,-,EBI,PRJNA308283,SAMEA2340494,ERR418977,PRJEB5261
C00012763,0,0,0,0,0,1,0,0,-,EBI,PRJNA308283,SAMEA2340495,ERR418978,PRJEB5261
C00012764,0,0,0,0,0,1,0,0,-,EBI,PRJNA308283,SAMEA2340496,ERR418979,PRJEB5261
C00012765,0,0,0,0,0,1,0,0,-,EBI,PRJNA308283,SAMEA2340497,ERR418980,PRJEB5261
C00012766,0,0,0,0,0,1,0,0,-,EBI,PRJNA308283,SAMEA2340498,ERR418981,PRJEB5261
C00012767,0,0,0,0,0,1,0,0,-,EBI,PRJNA308283,SAMEA2340499,ERR418982,PRJEB5261
C00012768,0,0,0,0,0,1,0,0,-,EBI,PRJNA308283,SAMEA2340500,ERR418983,PRJEB5261
C00012769,0,0,0,0,0,0,0,0,-,EBI,PRJNA308283,SAMEA2340501,ERR418984,PRJEB5261
C00012770,0,0,0,0,0,1,0,0,-,EBI,PRJNA308283,SAMEA2340502,ERR418985,PRJEB5261
C00012771,0,0,0,0,0,1,0,0,-,EBI,PRJNA308283,SAMEA2340503,ERR418986,PRJEB5261
C00012772,0,0,0,0,0,1,0,0,-,EBI,PRJNA308283,SAMEA2340504,ERR418987,PRJEB5261
C00012773,0,0,0,0,0,1,0,0,-,EBI,PRJNA308283,SAMEA2340505,ERR418988,PRJEB5261
C00012774,0,0,0,0,0,1,0,0,-,EBI,PRJNA308283,SAMEA2340506,ERR418989,PRJEB5261
C00012775,0,1,1,0,0,0,0,0,-,EBI,PRJNA308283,SAMEA2340507,ERR418990,PRJEB5261
C00012776,0,1,1,0,0,0,0,0,-,EBI,PRJNA308283,SAMEA2340508,ERR418991,PRJEB5261
C00012777,0,0,1,0,0,1,0,0,-,EBI,PRJNA308283,SAMEA2340509,ERR418992,PRJEB5261
C00012778,0,0,0,0,0,1,0,0,-,EBI,PRJNA308283,SAMEA2340510,ERR418993,PRJEB5261
C00012779,0,0,0,0,0,1,0,0,-,EBI,PRJNA308283,SAMEA2340511,ERR418994,PRJEB5261
C00012780,0,0,0,0,0,1,0,0,-,EBI,PRJNA308283,SAMEA2340512,ERR418995,PRJEB5261
C00012781,0,1,0,0,0,1,0,0,-,EBI,PRJNA308283,SAMEA2340513,ERR418996,PRJEB5261
C00012782,0,0,0,0,0,1,0,0,-,EBI,PRJNA308283,SAMEA2340514,ERR418997,PRJEB5261
C00012783,0,0,0,0,0,1,0,0,-,EBI,PRJNA308283,SAMEA2340515,ERR418998,PRJEB5261
C00012784,0,0,0,0,0,0,0,0,-,EBI,PRJNA308283,SAMEA2340516,ERR418999,PRJEB5261
C00012785,0,0,0,0,0,1,0,0,-,EBI,PRJNA308283,SAMEA2340517,ERR419000,PRJEB5261
C00012786,0,0,0,0,0,1,0,0,-,EBI,PRJNA308283,SAMEA2340518,ERR419001,PRJEB5261
C00012787,0,0,0,0,0,1,0,0,-,EBI,PRJNA308283,SAMEA2340519,ERR419002,PRJEB5261
C00012788,0,0,0,0,0,1,0,0,-,EBI,PRJNA308283,SAMEA2340520,ERR419003,PRJEB5261
C00012789,0,0,0,0,0,1,0,0,-,EBI,PRJNA308283,SAMEA2340521,ERR419004,PRJEB5261
C00012790,0,1,0,0,0,1,0,0,-,EBI,PRJNA308283,SAMEA2340522,ERR419005,PRJEB5261
C00012791,0,0,0,0,0,1,0,0,-,EBI,PRJNA308283,SAMEA2340523,ERR419006,PRJEB5261
C00012792,0,0,0,0,0,0,0,0,-,EBI,PRJNA308283,SAMEA2340524,ERR419007,PRJEB5261
C00012793,0,0,0,0,0,0,0,0,-,EBI,PRJNA308283,SAMEA2340525,ERR419008,PRJEB5261
C00012795,0,1,0,0,0,1,0,0,-,EBI,PRJNA308283,SAMEA2340527,ERR419010,PRJEB5261
C00012796,0,1,1,0,0,1,0,0,-,EBI,PRJNA308283,SAMEA2340528,ERR419011,PRJEB5261
C00012797,0,0,0,0,0,0,0,0,-,EBI,PRJNA308283,SAMEA2340529,ERR419012,PRJEB5261
C00012798,0,1,0,0,0,1,0,0,-,EBI,PRJNA308283,SAMEA2340530,ERR419013,PRJEB5261
C00012799,0,0,0,0,0,1,0,0,-,EBI,PRJNA308283,SAMEA2340531,ERR419014,PRJEB5261
C00012800,0,0,0,0,0,0,0,0,-,EBI,PRJNA308283,SAMEA2340532,ERR419015,PRJEB5261
C00012801,0,0,0,0,0,1,0,0,-,EBI,PRJNA308283,SAMEA2340533,ERR419016,PRJEB5261
C00012802,0,0,0,0,0,1,0,0,-,EBI,PRJNA308283,SAMEA2340534,ERR419017,PRJEB5261
C00012803,0,0,0,0,0,1,0,0,-,EBI,PRJNA308283,SAMEA2340535,ERR419018,PRJEB5261
C00012804,0,0,1,0,0,1,0,0,-,EBI,PRJNA308283,SAMEA2340536,ERR419019,PRJEB5261
C00012805,0,0,0,0,0,1,0,0,-,EBI,PRJNA308283,SAMEA2340537,ERR419020,PRJEB5261
C00012806,0,0,0,0,0,1,0,0,-,EBI,PRJNA308283,SAMEA2340538,ERR419021,PRJEB5261
C00012807,0,0,0,0,0,1,0,0,-,EBI,PRJNA308283,SAMEA2340539,ERR419022,PRJEB5261
C00012808,0,0,0,0,0,1,0,0,-,EBI,PRJNA308283,SAMEA2340540,ERR419023,PRJEB5261
C00012809,0,0,0,0,0,1,0,0,-,EBI,PRJNA308283,SAMEA2340541,ERR419024,PRJEB5261
C00012810,0,1,0,0,0,1,0,0,-,EBI,PRJNA308283,SAMEA2340542,ERR419025,PRJEB5261
C00012811,0,1,0,0,0,1,0,0,-,EBI,PRJNA308283,SAMEA2340543,ERR419026,PRJEB5261
C00012812,0,0,0,0,0,1,0,0,-,EBI,PRJNA308283,SAMEA2340544,ERR419027,PRJEB5261
C00012813,0,0,0,0,0,1,0,0,-,EBI,PRJNA308283,SAMEA2340545,ERR419028,PRJEB5261
C00012814,0,0,0,0,0,0,0,0,-,EBI,PRJNA308283,SAMEA2340546,ERR419029,PRJEB5261
C00012815,0,0,0,0,0,0,0,0,-,EBI,PRJNA308283,SAMEA2340547,ERR419030,PRJEB5261
C00012816,0,1,0,0,0,1,0,0,-,EBI,PRJNA308283,SAMEA2340548,ERR419031,PRJEB5261
C00012817,0,0,0,0,0,0,0,0,-,EBI,PRJNA308283,SAMEA2340549,ERR419032,PRJEB5261
C00012818,0,0,0,0,0,1,0,0,-,EBI,PRJNA308283,SAMEA2340550,ERR419033,PRJEB5261
C00012819,0,0,1,0,0,1,0,0,-,EBI,PRJNA308283,SAMEA2340551,ERR419034,PRJEB5261
C00012820,0,0,0,0,0,1,0,0,-,EBI,PRJNA308283,SAMEA2340552,ERR419035,PRJEB5261
C00012821,0,0,0,0,0,1,0,0,-,EBI,PRJNA308283,SAMEA2340553,ERR419036,PRJEB5261
C00012822,0,0,0,0,0,1,0,0,-,EBI,PRJNA308283,SAMEA2340554,ERR419037,PRJEB5261
C00012823,0,1,0,0,0,1,0,0,-,EBI,PRJNA308283,SAMEA2340555,ERR419038,PRJEB5261
C00012824,0,1,0,0,0,0,0,0,-,EBI,PRJNA308283,SAMEA2340556,ERR419039,PRJEB5261
C00012825,0,0,0,0,0,1,0,0,-,EBI,PRJNA308283,SAMEA2340557,ERR419040,PRJEB5261
C00012826,0,0,0,0,0,1,0,0,-,EBI,PRJNA308283,SAMEA2340558,ERR419041,PRJEB5261
C00012827,0,0,0,0,0,1,0,0,-,EBI,PRJNA308283,SAMEA2340559,ERR419042,PRJEB5261
C00012828,0,0,0,0,0,1,0,0,-,EBI,PRJNA308283,SAMEA2340560,ERR419043,PRJEB5261
C00012829,1,1,0,0,1,1,0,0,-,EBI,PRJNA308283,SAMEA2340561,ERR419044,PRJEB5261
C00012830,0,0,0,0,0,0,0,0,-,EBI,PRJNA308283,SAMEA2340562,ERR419045,PRJEB5261
C00012831,1,1,0,0,1,1,0,0,-,EBI,PRJNA308283,SAMEA2340563,ERR419046,PRJEB5261
C00012832,0,0,0,0,0,0,0,0,-,EBI,PRJNA308283,SAMEA2340564,ERR419047,PRJEB5261
C00012833,1,1,0,0,1,1,0,0,-,EBI,PRJNA308283,SAMEA2340565,ERR419048,PRJEB5261
C00012834,0,1,0,0,0,0,0,0,-,EBI,PRJNA308283,SAMEA2340566,ERR419049,PRJEB5261
C00012835,0,0,0,0,0,1,0,0,-,EBI,PRJNA308283,SAMEA2340567,ERR419050,PRJEB5261
C00013156,0,1,0,0,0,1,0,0,-,EBI,PRJNA308283,SAMEA2340568,ERR419051,PRJEB5261
C00013157,0,1,1,0,0,0,0,0,-,EBI,PRJNA308283,SAMEA2340569,ERR419052,PRJEB5261
C00013158,0,0,0,0,0,1,0,0,-,EBI,PRJNA308283,SAMEA2340570,ERR419053,PRJEB5261
C00013159,1,0,0,0,1,1,0,0,-,EBI,PRJNA308283,SAMEA2340571,ERR419054,PRJEB5261
C00013160,0,0,0,0,0,1,0,0,-,EBI,PRJNA308283,SAMEA2340572,ERR419055,PRJEB5261
C00013161,0,0,0,0,0,1,0,0,-,EBI,PRJNA308283,SAMEA2340573,ERR419056,PRJEB5261
C00013162,0,1,1,0,0,1,0,0,-,EBI,PRJNA308283,SAMEA2340574,ERR419057,PRJEB5261
C00013163,0,0,0,0,0,1,0,0,-,EBI,PRJNA308283,SAMEA2340575,ERR419058,PRJEB5261
C00013164,0,0,0,0,0,1,0,0,-,EBI,PRJNA308283,SAMEA2340576,ERR419059,PRJEB5261
C00013165,1,1,0,0,1,1,0,0,-,EBI,PRJNA308283,SAMEA2340577,ERR419060,PRJEB5261
C00013166,1,1,0,0,1,1,0,0,-,EBI,PRJNA308283,SAMEA2340578,ERR419061,PRJEB5261
C00013167,1,1,0,0,1,1,0,0,-,EBI,PRJNA308283,SAMEA2340579,ERR419062,PRJEB5261
C00013168,0,0,0,0,0,1,0,0,-,EBI,PRJNA308283,SAMEA2340580,ERR419063,PRJEB5261
C00013169,0,0,0,0,0,0,0,0,-,EBI,PRJNA308283,SAMEA2340581,ERR419064,PRJEB5261
C00013170,0,0,0,0,0,1,0,0,-,EBI,PRJNA308283,SAMEA2340582,ERR419065,PRJEB5261
C00013171,0,0,0,0,0,1,0,0,-,EBI,PRJNA308283,SAMEA2340583,ERR419066,PRJEB5261
C00013172,0,0,0,0,0,1,0,0,-,EBI,PRJNA308283,SAMEA2340584,ERR419067,PRJEB5261
C00013173,0,0,0,0,0,1,0,0,-,EBI,PRJNA308283,SAMEA2340585,ERR419068,PRJEB5261
C00013174,0,0,0,0,0,1,0,0,-,EBI,PRJNA308283,SAMEA2340586,ERR419069,PRJEB5261
C00013175,0,0,0,0,0,1,0,0,-,EBI,PRJNA308283,SAMEA2340587,ERR419070,PRJEB5261
C00013176,0,1,0,0,0,1,0,0,-,EBI,PRJNA308283,SAMEA2340588,ERR419071,PRJEB5261
C00013177,0,0,0,0,0,0,0,0,-,EBI,PRJNA308283,SAMEA2340589,ERR419072,PRJEB5261
C00013178,0,0,0,0,0,0,0,0,-,EBI,PRJNA308283,SAMEA2340590,ERR419073,PRJEB5261
C00013179,0,0,0,0,0,1,0,0,-,EBI,PRJNA308283,SAMEA2340591,ERR419074,PRJEB5261
C00013180,0,1,0,0,0,1,0,0,-,EBI,PRJNA308283,SAMEA2340592,ERR419075,PRJEB5261
C00013181,1,1,0,0,1,1,0,0,-,EBI,PRJNA308283,SAMEA2340593,ERR419076,PRJEB5261
C00013182,0,0,1,0,0,1,0,0,-,EBI,PRJNA308283,SAMEA2340594,ERR419077,PRJEB5261
C00013183,0,0,1,0,0,1,0,0,-,EBI,PRJNA308283,SAMEA2340595,ERR419078,PRJEB5261
C00013184,0,0,1,0,0,1,0,0,-,EBI,PRJNA308283,SAMEA2340596,ERR419079,PRJEB5261
C00013185,1,0,0,0,0,0,0,0,-,EBI,PRJNA308283,SAMEA2340597,ERR419080,PRJEB5261
C00013186,0,0,0,0,0,1,0,0,-,EBI,PRJNA308283,SAMEA2340598,ERR419081,PRJEB5261
C00013187,0,0,0,0,0,1,0,0,-,EBI,PRJNA308283,SAMEA2340599,ERR419082,PRJEB5261
C00013188,0,0,0,0,0,1,0,0,-,EBI,PRJNA308283,SAMEA2340600,ERR419083,PRJEB5261
C00013189,0,0,0,0,0,1,0,0,-,EBI,PRJNA308283,SAMEA2340601,ERR419084,PRJEB5261
C00013190,0,0,0,0,0,1,0,0,-,EBI,PRJNA308283,SAMEA2340602,ERR419085,PRJEB5261
C00013191,0,0,0,0,0,1,0,0,-,EBI,PRJNA308283,SAMEA2340603,ERR419086,PRJEB5261
C00013192,0,0,0,0,0,0,0,0,-,EBI,PRJNA308283,SAMEA2340604,ERR419087,PRJEB5261
C00013193,0,0,0,0,0,1,0,0,-,EBI,PRJNA308283,SAMEA2340605,ERR419088,PRJEB5261
C00013194,1,1,1,0,1,1,0,0,-,EBI,PRJNA308283,SAMEA2340606,ERR419089,PRJEB5261
C00013195,0,0,0,0,0,1,0,0,-,EBI,PRJNA308283,SAMEA2340607,ERR419090,PRJEB5261
C00013196,1,0,0,0,0,1,0,0,-,EBI,PRJNA308283,SAMEA2340608,ERR419091,PRJEB5261
C00013197,0,0,0,0,0,1,0,0,-,EBI,PRJNA308283,SAMEA2340609,ERR419092,PRJEB5261
C00013198,0,0,0,0,0,1,0,0,-,EBI,PRJNA308283,SAMEA2340610,ERR419093,PRJEB5261
C00013199,0,0,0,0,0,1,0,0,-,EBI,PRJNA308283,SAMEA2340611,ERR419094,PRJEB5261
C00013200,0,0,0,0,0,0,0,0,-,EBI,PRJNA308283,SAMEA2340612,ERR419095,PRJEB5261
C00013201,0,0,0,0,0,1,0,0,-,EBI,PRJNA308283,SAMEA2340613,ERR419096,PRJEB5261
C00013202,0,1,0,0,0,1,0,0,-,EBI,PRJNA308283,SAMEA2340614,ERR419097,PRJEB5261
C00013203,0,1,0,0,0,1,0,0,-,EBI,PRJNA308283,SAMEA2340615,ERR419098,PRJEB5261
C00013204,1,0,0,0,0,1,0,0,-,EBI,PRJNA308283,SAMEA2340616,ERR419099,PRJEB5261
C00013205,0,0,0,0,0,1,0,0,-,EBI,PRJNA308283,SAMEA2340617,ERR419100,PRJEB5261
C00013206,0,0,0,0,0,1,0,0,-,EBI,PRJNA308283,SAMEA2340618,ERR419101,PRJEB5261
C00013207,0,0,0,0,0,1,0,0,-,EBI,PRJNA308283,SAMEA2340619,ERR419102,PRJEB5261
C00013208,0,0,0,0,0,1,0,0,-,EBI,PRJNA308283,SAMEA2340620,ERR419103,PRJEB5261
C00013209,0,0,0,0,0,1,0,0,-,EBI,PRJNA308283,SAMEA2340621,ERR419104,PRJEB5261
C00013210,0,0,0,0,0,1,0,0,-,EBI,PRJNA308283,SAMEA2340622,ERR419105,PRJEB5261
C00013211,0,0,1,0,0,1,0,0,-,EBI,PRJNA308283,SAMEA2340623,ERR419106,PRJEB5261
C00013212,1,1,1,0,1,1,0,0,-,EBI,PRJNA308283,SAMEA2340624,ERR419107,PRJEB5261
C00013213,0,1,0,0,0,1,0,0,-,EBI,PRJNA308283,SAMEA2340625,ERR419108,PRJEB5261
C00013214,0,0,1,0,0,1,0,0,-,EBI,PRJNA308283,SAMEA2340626,ERR419109,PRJEB5261
C00013215,0,0,0,0,0,0,0,0,-,EBI,PRJNA308283,SAMEA2340627,ERR419110,PRJEB5261
C00013216,0,0,0,0,0,1,0,0,-,EBI,PRJNA308283,SAMEA2340628,ERR419111,PRJEB5261
C00013217,1,1,0,0,1,1,0,0,-,EBI,PRJNA308283,SAMEA2340629,ERR419112,PRJEB5261
C00013218,0,1,1,0,1,1,0,0,-,EBI,PRJNA308283,SAMEA2340630,ERR419113,PRJEB5261
C00013219,0,0,0,0,0,1,0,0,-,EBI,PRJNA308283,SAMEA2340631,ERR419114,PRJEB5261
C00013220,0,0,0,0,0,1,0,0,-,EBI,PRJNA308283,SAMEA2340632,ERR419115,PRJEB5261
C00013221,0,0,0,0,0,0,0,0,-,EBI,PRJNA308283,SAMEA2340633,ERR419116,PRJEB5261
C00013223,0,0,0,0,0,1,0,0,-,EBI,PRJNA308283,SAMEA2340635,ERR419118,PRJEB5261
C00013224,0,0,0,0,0,1,0,0,-,EBI,PRJNA308283,SAMEA2340636,ERR419119,PRJEB5261
C00013225,0,0,0,0,0,1,0,0,-,EBI,PRJNA308283,SAMEA2340637,ERR419120,PRJEB5261
C00013226,0,0,0,0,0,1,0,0,-,EBI,PRJNA308283,SAMEA2340638,ERR419121,PRJEB5261
C00013227,0,0,0,0,0,1,0,0,-,EBI,PRJNA308283,SAMEA2340639,ERR419122,PRJEB5261
C00013228,0,0,0,0,0,0,0,0,-,EBI,PRJNA308283,SAMEA2340640,ERR419123,PRJEB5261
C00013229,0,0,0,0,0,1,0,0,-,EBI,PRJNA308283,SAMEA2340641,ERR419124,PRJEB5261
C00013230,0,0,0,0,1,1,0,1,-,EBI,PRJNA308283,SAMEA2340642,ERR419125,PRJEB5261
C00013231,0,0,1,0,0,1,0,0,-,EBI,PRJNA308283,SAMEA2340643,ERR419126,PRJEB5261
C00013232,0,0,0,0,0,1,0,0,-,EBI,PRJNA308283,SAMEA2340644,ERR419127,PRJEB5261
C00013233,0,0,0,0,0,1,0,0,-,EBI,PRJNA308283,SAMEA3719314,ERR1197981,PRJEB5261
C00013234,0,0,0,0,0,1,0,0,-,EBI,PRJNA308283,SAMEA2340645,ERR419128,PRJEB5261
C00013235,0,0,1,0,0,1,0,0,-,EBI,PRJNA308283,SAMEA2340646,ERR419129,PRJEB5261
C00013236,1,1,0,0,1,1,0,0,-,EBI,PRJNA308283,SAMEA2340647,ERR419130,PRJEB5261
C00013237,1,1,0,0,1,1,0,0,-,EBI,PRJNA308283,SAMEA2340648,ERR419131,PRJEB5261
C00013238,0,0,0,0,0,1,0,0,-,EBI,PRJNA308283,SAMEA2340649,ERR419132,PRJEB5261
C00013239,0,0,0,0,0,1,0,0,-,EBI,PRJNA308283,SAMEA2340650,ERR419133,PRJEB5261
C00013240,0,0,0,0,0,1,0,0,-,EBI,PRJNA308283,SAMEA2340651,ERR419134,PRJEB5261
C00013241,0,0,0,0,0,0,0,0,-,EBI,PRJNA308283,SAMEA2340652,ERR419135,PRJEB5261
C00013242,0,0,0,0,0,1,0,0,-,EBI,PRJNA308283,SAMEA2340653,ERR419136,PRJEB5261
C00013243,0,0,0,0,0,1,0,0,-,EBI,PRJNA308283,SAMEA2340654,ERR419137,PRJEB5261
C00013244,0,0,0,0,0,1,0,0,-,EBI,PRJNA308283,SAMEA2340655,ERR419138,PRJEB5261
C00013245,0,0,0,0,0,1,0,0,-,EBI,PRJNA308283,SAMEA2340656,ERR419139,PRJEB5261
C00013246,0,0,1,0,0,0,0,0,-,EBI,PRJNA308283,SAMEA2340657,ERR419140,PRJEB5261
C00013247,1,0,0,0,1,1,0,0,-,EBI,PRJNA308283,SAMEA2340658,ERR419141,PRJEB5261
C00013248,0,0,1,0,0,1,0,0,-,EBI,PRJNA308283,SAMEA2340659,ERR419142,PRJEB5261
C00013249,0,0,0,0,0,0,0,0,-,EBI,PRJNA308283,SAMEA2340660,ERR419143,PRJEB5261
C00013250,0,0,0,0,0,1,0,0,-,EBI,PRJNA308283,SAMEA2340661,ERR419144,PRJEB5261
C00013251,0,0,0,0,0,1,0,0,-,EBI,PRJNA308283,SAMEA2340662,ERR419145,PRJEB5261
C00013313,0,1,0,0,0,1,0,0,-,EBI,PRJNA308283,SAMEA2340663,ERR419146,PRJEB5261
C00013314,1,0,0,0,1,1,1,0,-,EBI,PRJNA308283,SAMEA2340664,ERR419147,PRJEB5261
C00013315,0,0,0,0,0,1,1,0,-,EBI,PRJNA308283,SAMEA2340665,ERR419148,PRJEB5261
C00013316,0,0,1,0,0,1,0,0,-,EBI,PRJNA308283,SAMEA2340666,ERR419149,PRJEB5261
C00013317,0,0,0,0,0,1,0,0,-,EBI,PRJNA308283,SAMEA2340667,ERR419150,PRJEB5261
C00013318,0,0,0,0,0,0,0,0,-,EBI,PRJNA308283,SAMEA2340668,ERR419151,PRJEB5261
C00013319,0,0,0,0,0,1,0,0,-,EBI,PRJNA308283,SAMEA2340669,ERR419152,PRJEB5261
C00013320,0,0,0,0,0,1,0,0,-,EBI,PRJNA308283,SAMEA2340670,ERR419153,PRJEB5261
C00013321,0,0,0,0,0,1,0,0,-,EBI,PRJNA308283,SAMEA2340671,ERR419154,PRJEB5261
C00013322,0,0,0,0,0,0,0,0,-,EBI,PRJNA308283,SAMEA2340672,ERR419155,PRJEB5261
C00013323,0,0,0,0,0,0,0,0,-,EBI,PRJNA308283,SAMEA2340673,ERR419156,PRJEB5261
C00013324,0,0,1,0,0,1,0,1,-,EBI,PRJNA308283,SAMEA2340674,ERR419157,PRJEB5261
C00013325,0,0,0,0,0,1,0,0,-,EBI,PRJNA308283,SAMEA2340675,ERR419158,PRJEB5261
C00013326,0,1,0,0,0,1,0,0,-,EBI,PRJNA308283,SAMEA2340676,ERR419159,PRJEB5261
C00013327,0,0,0,0,0,0,0,0,-,EBI,PRJNA308283,SAMEA2340677,ERR419160,PRJEB5261
C00013328,0,0,0,0,0,1,0,0,-,EBI,PRJNA308283,SAMEA2340678,ERR419161,PRJEB5261
C00013329,0,0,0,0,0,0,0,0,-,EBI,PRJNA308283,SAMEA2340679,ERR419162,PRJEB5261
C00013330,0,0,0,0,0,1,0,1,-,EBI,PRJNA308283,SAMEA2340680,ERR419163,PRJEB5261
C00013331,0,0,0,1,0,1,0,0,-,EBI,PRJNA308283,SAMEA2340681,ERR419164,PRJEB5261
C00013332,0,0,0,0,0,1,0,0,-,EBI,PRJNA308283,SAMEA2340682,ERR419165,PRJEB5261
C00013333,0,0,0,0,0,1,0,0,-,EBI,PRJNA308283,SAMEA2340683,ERR419166,PRJEB5261
C00013334,0,0,0,0,0,1,0,1,-,EBI,PRJNA308283,SAMEA2340684,ERR419167,PRJEB5261
C00013335,0,1,0,0,0,1,0,1,-,EBI,PRJNA308283,SAMEA2340685,ERR419168,PRJEB5261
C00013336,0,0,0,0,0,0,0,0,-,EBI,PRJNA308283,SAMEA2340686,ERR419169,PRJEB5261
C00013337,0,0,0,0,0,1,0,0,-,EBI,PRJNA308283,SAMEA2340687,ERR419170,PRJEB5261
C00013338,0,0,0,0,0,1,0,0,-,EBI,PRJNA308283,SAMEA2340688,ERR419171,PRJEB5261
C00013339,1,0,0,0,0,1,0,0,-,EBI,PRJNA308283,SAMEA2340689,ERR419172,PRJEB5261
C00013340,0,0,0,0,0,1,0,1,-,EBI,PRJNA308283,SAMEA2340690,ERR419173,PRJEB5261
C00013341,0,0,0,0,0,1,0,0,-,EBI,PRJNA308283,SAMEA2340691,ERR419174,PRJEB5261
C00013342,0,0,0,0,0,1,0,0,-,EBI,PRJNA308283,SAMEA2340692,ERR419175,PRJEB5261
C00013343,0,0,1,0,0,1,0,0,-,EBI,PRJNA308283,SAMEA2340693,ERR419176,PRJEB5261
C00013344,0,0,0,0,0,1,0,0,-,EBI,PRJNA308283,SAMEA2340694,ERR419177,PRJEB5261
C00013345,0,0,0,0,0,1,0,0,-,EBI,PRJNA308283,SAMEA2340695,ERR419178,PRJEB5261
C00013346,0,0,0,0,0,1,0,0,-,EBI,PRJNA308283,SAMEA2340696,ERR419179,PRJEB5261
C00013347,0,0,0,0,0,0,0,0,-,EBI,PRJNA308283,SAMEA2340697,ERR419180,PRJEB5261
C00013348,0,1,0,0,0,1,0,0,-,EBI,PRJNA308283,SAMEA2340698,ERR419181,PRJEB5261
C00013349,0,0,0,0,0,1,0,0,-,EBI,PRJNA308283,SAMEA2340699,ERR419182,PRJEB5261
C00013350,0,0,0,0,0,0,0,0,-,EBI,PRJNA308283,SAMEA2340700,ERR419183,PRJEB5261
C00013351,0,0,0,0,0,1,0,0,-,EBI,PRJNA308283,SAMEA2340701,ERR419184,PRJEB5261
C00013352,0,0,0,0,0,1,0,0,-,EBI,PRJNA308283,SAMEA2340702,ERR419185,PRJEB5261
C00013353,0,0,0,0,0,1,0,0,-,EBI,PRJNA308283,SAMEA2340703,ERR419186,PRJEB5261
C00013354,0,0,0,0,0,1,0,0,-,EBI,PRJNA308283,SAMEA2340704,ERR419187,PRJEB5261
C00013355,0,1,0,0,0,0,0,0,-,EBI,PRJNA308283,SAMEA2340705,ERR419188,PRJEB5261
C00013357,0,0,0,0,0,0,0,0,-,EBI,PRJNA308283,SAMEA2340707,ERR419190,PRJEB5261
C00013358,0,0,0,0,0,1,0,0,-,EBI,PRJNA308283,SAMEA2340708,ERR419191,PRJEB5261
C00013359,0,0,0,0,0,1,0,0,-,EBI,PRJNA308283,SAMEA2340709,ERR419192,PRJEB5261
C00013360,0,0,0,0,0,0,0,0,-,EBI,PRJNA308283,SAMEA2340710,ERR419193,PRJEB5261
C00013361,0,0,0,0,0,1,0,1,-,EBI,PRJNA308283,SAMEA2340711,ERR419194,PRJEB5261
C00013362,0,0,0,0,0,1,0,0,-,EBI,PRJNA308283,SAMEA2340712,ERR419195,PRJEB5261
C00013363,0,0,0,0,0,0,0,0,-,EBI,PRJNA308283,SAMEA2340713,ERR419196,PRJEB5261
C00013364,0,0,0,0,0,0,0,0,-,EBI,PRJNA308283,SAMEA2340714,ERR419197,PRJEB5261
C00013365,0,0,0,0,0,1,0,0,-,EBI,PRJNA308283,SAMEA2340715,ERR419198,PRJEB5261
C00013366,0,0,0,0,0,1,0,1,-,EBI,PRJNA308283,SAMEA2340716,ERR419199,PRJEB5261
C00013367,0,0,1,0,0,0,0,0,-,EBI,PRJNA308283,SAMEA2340717,ERR419200,PRJEB5261
C00013368,1,1,0,0,1,1,0,0,-,EBI,PRJNA308283,SAMEA2340718,ERR419201,PRJEB5261
C00013369,0,0,0,0,0,1,1,0,-,EBI,PRJNA308283,SAMEA2340719,ERR419202,PRJEB5261
C00013370,0,0,0,0,0,1,0,0,-,EBI,PRJNA308283,SAMEA2340720,ERR419203,PRJEB5261
C00013371,0,0,0,0,0,1,0,0,-,EBI,PRJNA308283,SAMEA2340721,ERR419204,PRJEB5261
C00013372,0,0,0,0,0,0,0,0,-,EBI,PRJNA308283,SAMEA2340722,ERR419205,PRJEB5261
C00013373,0,0,0,0,0,1,0,0,-,EBI,PRJNA308283,SAMEA2340723,ERR419206,PRJEB5261
C00013374,0,0,1,0,0,1,0,0,-,EBI,PRJNA308283,SAMEA2340724,ERR419207,PRJEB5261
C00013375,0,0,0,0,0,1,0,0,-,EBI,PRJNA308283,SAMEA2340725,ERR419208,PRJEB5261
C00013376,1,0,0,0,0,1,0,0,-,EBI,PRJNA308283,SAMEA2340726,ERR419209,PRJEB5261
C00013377,0,0,0,0,0,1,0,0,-,EBI,PRJNA308283,SAMEA2340727,ERR419210,PRJEB5261
C00013378,0,0,0,0,0,1,0,0,-,EBI,PRJNA308283,SAMEA2340728,ERR419211,PRJEB5261
C00013379,0,0,0,0,0,0,0,0,-,EBI,PRJNA308283,SAMEA2340729,ERR419212,PRJEB5261
C00013380,0,0,0,0,0,1,0,0,-,EBI,PRJNA308283,SAMEA2340730,ERR419213,PRJEB5261
C00013381,1,1,0,0,1,1,0,0,-,EBI,PRJNA308283,SAMEA2340731,ERR419214,PRJEB5261
C00013382,0,0,0,0,0,1,1,0,-,EBI,PRJNA308283,SAMEA2340732,ERR419215,PRJEB5261
C00013383,0,0,0,0,0,1,0,0,-,EBI,PRJNA308283,SAMEA2340733,ERR419216,PRJEB5261
C00013384,0,0,0,0,0,1,0,1,-,EBI,PRJNA308283,SAMEA2340734,ERR419217,PRJEB5261
C00013385,0,0,1,0,0,0,0,0,-,EBI,PRJNA308283,SAMEA2340735,ERR419218,PRJEB5261
C00013386,0,0,0,0,0,1,0,0,-,EBI,PRJNA308283,SAMEA2340736,ERR419219,PRJEB5261
C00013387,0,0,0,0,0,1,0,0,-,EBI,PRJNA308283,SAMEA2340737,ERR419220,PRJEB5261
C00013388,0,0,0,0,0,1,0,0,-,EBI,PRJNA308283,SAMEA2340738,ERR419221,PRJEB5261
C00013389,0,0,0,0,0,1,0,0,-,EBI,PRJNA308283,SAMEA2340739,ERR419222,PRJEB5261
C00013390,0,1,0,0,0,0,0,0,-,EBI,PRJNA308283,SAMEA2340740,ERR419223,PRJEB5261
C00013391,0,0,0,0,0,1,0,0,-,EBI,PRJNA308283,SAMEA2340741,ERR419224,PRJEB5261
C00013392,0,0,0,0,0,0,0,0,-,EBI,PRJNA308283,SAMEA2340742,ERR419225,PRJEB5261
C00013393,0,0,1,0,0,1,0,0,-,EBI,PRJNA308283,SAMEA2340743,ERR419226,PRJEB5261
C00013394,0,0,0,0,0,1,0,0,-,EBI,PRJNA308283,SAMEA2340744,ERR419227,PRJEB5261
C00013395,0,0,0,0,0,0,0,0,-,EBI,PRJNA308283,SAMEA2340745,ERR419228,PRJEB5261
C00013396,0,0,1,0,0,1,0,1,-,EBI,PRJNA308283,SAMEA2340746,ERR419229,PRJEB5261
C00013397,0,0,1,0,0,1,0,0,-,EBI,PRJNA308283,SAMEA2340747,ERR419230,PRJEB5261
C00013398,0,0,0,0,0,1,0,0,-,EBI,PRJNA308283,SAMEA2340748,ERR419231,PRJEB5261
C00013399,0,0,0,0,0,1,0,0,-,EBI,PRJNA308283,SAMEA2340749,ERR419232,PRJEB5261
C00013400,0,0,1,0,0,0,0,0,-,EBI,PRJNA308283,SAMEA2340750,ERR419233,PRJEB5261
C00013401,0,0,1,0,0,0,0,1,-,EBI,PRJNA308283,SAMEA2340751,ERR419234,PRJEB5261
C00013402,0,0,0,0,0,1,0,0,-,EBI,PRJNA308283,SAMEA2340752,ERR419235,PRJEB5261
C00013403,0,0,0,0,0,1,0,0,-,EBI,PRJNA308283,SAMEA2340753,ERR419236,PRJEB5261
C00013404,0,0,0,0,0,1,0,0,-,EBI,PRJNA308283,SAMEA2340754,ERR419237,PRJEB5261
C00013405,0,0,0,0,0,0,0,0,-,EBI,PRJNA308283,SAMEA2340755,ERR419238,PRJEB5261
C00013406,0,0,0,0,0,1,0,0,-,EBI,PRJNA308283,SAMEA2340756,ERR419239,PRJEB5261
C00013407,0,0,0,0,0,1,0,0,-,EBI,PRJNA308283,SAMEA2340757,ERR419240,PRJEB5261
C00013408,0,0,1,0,0,0,0,0,-,EBI,PRJNA308283,SAMEA2340758,ERR419241,PRJEB5261